NOT FOUND,a-link-normal href,s-image src,a-link-normal href 2,a-link-normal href 3,a-link-normal href 4,a-size-base-plus,a-link-normal href 5,a-size-base-plus 2,a-link-normal href 6,a-badge-text,a-size-base href,a-offscreen,a-price-whole,a-offscreen 2,a-row,a-color-base,a-popover-trigger href,a-icon-alt,a-size-base,a-link-normal,s-label-popover href,a-color-secondary,a-popover-preload,a-link-normal 2,a-color-base 2
FOUND,https://www.amazon.in/Multicolor-Fashion-Walking-Running-Lace-up/dp/B0B82RJKWY/ref=sr_1_1?crid=1I3OY9G5WVWBV&keywords=great+indian+festival&qid=1665755787&qu=eyJxc2MiOiI2LjQzIiwicXNhIjoiNC41OCIsInFzcCI6IjAuMDAifQ%3D%3D&rnid=3576079031&s=shoes&sprefix=%2Caps%2C237&sr=1-1,https://m.media-amazon.com/images/I/61XQroYoJrL._AC_UL320_.jpg,https://www.amazon.in/Multicolor-Fashion-Walking-Running-Lace-up/dp/B0B82RJKWY/ref=cs_sr_dp_1?crid=1I3OY9G5WVWBV&keywords=great+indian+festival&qid=1665755787&qu=eyJxc2MiOiI2LjQzIiwicXNhIjoiNC41OCIsInFzcCI6IjAuMDAifQ%3D%3D&rnid=3576079031&s=shoes&sprefix=%2Caps%2C237&sr=1-1,https://www.amazon.in/Multicolor-Fashion-Walking-Running-Lace-up/dp/B0B82QJXPY/ref=cs_sr_dp_2?crid=1I3OY9G5WVWBV&keywords=great+indian+festival&qid=1665755787&qu=eyJxc2MiOiI2LjQzIiwicXNhIjoiNC41OCIsInFzcCI6IjAuMDAifQ%3D%3D&rnid=3576079031&s=shoes&sprefix=%2Caps%2C237&sr=1-1,https://www.amazon.in/Multicolor-Fashion-Walking-Running-Lace-up/dp/B0B82R6RBQ/ref=cs_sr_dp_3?crid=1I3OY9G5WVWBV&keywords=great+indian+festival&qid=1665755787&qu=eyJxc2MiOiI2LjQzIiwicXNhIjoiNC41OCIsInFzcCI6IjAuMDAifQ%3D%3D&rnid=3576079031&s=shoes&sprefix=%2Caps%2C237&sr=1-1,ENJOY the celebration people,https://www.amazon.in/Multicolor-Fashion-Walking-Running-Lace-up/dp/B0B82RJKWY/ref=sr_1_1?crid=1I3OY9G5WVWBV&keywords=great+indian+festival&qid=1665755787&qu=eyJxc2MiOiI2LjQzIiwicXNhIjoiNC41OCIsInFzcCI6IjAuMDAifQ%3D%3D&rnid=3576079031&s=shoes&sprefix=%2Caps%2C237&sr=1-1,"Enjoy Multicolor Sports Shoes for Men, Chunky Shoe, Fashion Shoe, Color Block Shoes, New Trend Shoe, Men Sports Shoe, Walking Shoe, Running & Gym Shoe, Casual/Sports Light Weight Shoe Lace-up",https://www.amazon.in/greatindianfestival,Great Indian Festival,https://www.amazon.in/Multicolor-Fashion-Walking-Running-Lace-up/dp/B0B82RJKWY/ref=sr_1_1?crid=1I3OY9G5WVWBV&keywords=great+indian+festival&qid=1665755787&qu=eyJxc2MiOiI2LjQzIiwicXNhIjoiNC41OCIsInFzcCI6IjAuMDAifQ%3D%3D&rnid=3576079031&s=shoes&sprefix=%2Caps%2C237&sr=1-1,₹499,499,"₹1,999",(75% off),FREE Delivery by Amazon,,,,,,,,,
FOUND,https://www.amazon.in/Lace-up-Sport-Shoes-Running-Cycling-Numeric_7/dp/B08F5KJT35/ref=sr_1_2?crid=1I3OY9G5WVWBV&keywords=great+indian+festival&qid=1665755787&qu=eyJxc2MiOiI2LjQzIiwicXNhIjoiNC41OCIsInFzcCI6IjAuMDAifQ%3D%3D&rnid=3576079031&s=shoes&sprefix=%2Caps%2C237&sr=1-2,https://m.media-amazon.com/images/I/71ymsyigD9L._AC_UL320_.jpg,https://www.amazon.in/Lace-up-Sport-Shoes-Running-Cycling-Numeric_7/dp/B08F5KJT35/ref=sr_1_2?crid=1I3OY9G5WVWBV&keywords=great+indian+festival&qid=1665755787&qu=eyJxc2MiOiI2LjQzIiwicXNhIjoiNC41OCIsInFzcCI6IjAuMDAifQ%3D%3D&rnid=3576079031&s=shoes&sprefix=%2Caps%2C237&sr=1-2,https://www.amazon.in/Lace-up-Sport-Shoes-Running-Cycling-Numeric_7/dp/B08F5KJT35/ref=sr_1_2?crid=1I3OY9G5WVWBV&keywords=great+indian+festival&qid=1665755787&qu=eyJxc2MiOiI2LjQzIiwicXNhIjoiNC41OCIsInFzcCI6IjAuMDAifQ%3D%3D&rnid=3576079031&s=shoes&sprefix=%2Caps%2C237&sr=1-2#customerReviews,,Generic,,"Leo Light Weight Breathable Non Slip Men's Black- Grey Mesh Lace-up Sport-Shoes/Sneakers (809) for Running,Cycling & Casual Wearing",,,https://www.amazon.in/Lace-up-Sport-Shoes-Running-Cycling-Numeric_7/dp/B08F5KJT35/ref=sr_1_2?crid=1I3OY9G5WVWBV&keywords=great+indian+festival&qid=1665755787&qu=eyJxc2MiOiI2LjQzIiwicXNhIjoiNC41OCIsInFzcCI6IjAuMDAifQ%3D%3D&rnid=3576079031&s=shoes&sprefix=%2Caps%2C237&sr=1-2,₹599,599,₹999,(40% off),FREE Delivery by Amazon,javascript:void(0),3.2 out of 5 stars,5,,,,,,
FOUND,https://www.amazon.in/ROADSTAG-House-Flip-Flop-Slipper/dp/B078S423LM/ref=sr_1_3?crid=1I3OY9G5WVWBV&keywords=great+indian+festival&qid=1665755787&qu=eyJxc2MiOiI2LjQzIiwicXNhIjoiNC41OCIsInFzcCI6IjAuMDAifQ%3D%3D&rnid=3576079031&s=shoes&sprefix=%2Caps%2C237&sr=1-3,https://m.media-amazon.com/images/I/71lVB21jgJL._AC_UL320_.jpg,https://www.amazon.in/ROADSTAG-House-Flip-Flop-Slipper/dp/B078S423LM/ref=sr_1_3?crid=1I3OY9G5WVWBV&keywords=great+indian+festival&qid=1665755787&qu=eyJxc2MiOiI2LjQzIiwicXNhIjoiNC41OCIsInFzcCI6IjAuMDAifQ%3D%3D&rnid=3576079031&s=shoes&sprefix=%2Caps%2C237&sr=1-3,,,ROADSTAG,,Brand Casual Soft Flip Flop Slippers for Mens Boys (Blue_Size 9 UK),,,https://www.amazon.in/ROADSTAG-House-Flip-Flop-Slipper/dp/B078S423LM/ref=sr_1_3?crid=1I3OY9G5WVWBV&keywords=great+indian+festival&qid=1665755787&qu=eyJxc2MiOiI2LjQzIiwicXNhIjoiNC41OCIsInFzcCI6IjAuMDAifQ%3D%3D&rnid=3576079031&s=shoes&sprefix=%2Caps%2C237&sr=1-3,₹218,218,₹299,(27% off),,,,,,,,,,
FOUND,https://www.amazon.in/Enjoy-Breathable-Lightweight-Sneakers-Fashionable/dp/B09B7SPLWS/ref=sr_1_4?crid=1I3OY9G5WVWBV&keywords=great+indian+festival&qid=1665755787&qu=eyJxc2MiOiI2LjQzIiwicXNhIjoiNC41OCIsInFzcCI6IjAuMDAifQ%3D%3D&rnid=3576079031&s=shoes&sprefix=%2Caps%2C237&sr=1-4,https://m.media-amazon.com/images/I/41p+w956p5L._AC_UL320_.jpg,https://www.amazon.in/Enjoy-Breathable-Lightweight-Sneakers-Fashionable/dp/B09B7SPLWS/ref=cs_sr_dp_1?crid=1I3OY9G5WVWBV&keywords=great+indian+festival&qid=1665755787&qu=eyJxc2MiOiI2LjQzIiwicXNhIjoiNC41OCIsInFzcCI6IjAuMDAifQ%3D%3D&rnid=3576079031&s=shoes&sprefix=%2Caps%2C237&sr=1-4,https://www.amazon.in/Enjoy-Breathable-Lightweight-Sneakers-Fashionable/dp/B09B839HPS/ref=cs_sr_dp_2?crid=1I3OY9G5WVWBV&keywords=great+indian+festival&qid=1665755787&qu=eyJxc2MiOiI2LjQzIiwicXNhIjoiNC41OCIsInFzcCI6IjAuMDAifQ%3D%3D&rnid=3576079031&s=shoes&sprefix=%2Caps%2C237&sr=1-4,https://www.amazon.in/Enjoy-Breathable-Lightweight-Sneakers-Fashionable/dp/B09B7VH8MX/ref=cs_sr_dp_3?crid=1I3OY9G5WVWBV&keywords=great+indian+festival&qid=1665755787&qu=eyJxc2MiOiI2LjQzIiwicXNhIjoiNC41OCIsInFzcCI6IjAuMDAifQ%3D%3D&rnid=3576079031&s=shoes&sprefix=%2Caps%2C237&sr=1-4,Enjoy,https://www.amazon.in/Enjoy-Breathable-Lightweight-Sneakers-Fashionable/dp/B0BF11GN4K/ref=cs_sr_dp_4?crid=1I3OY9G5WVWBV&keywords=great+indian+festival&qid=1665755787&qu=eyJxc2MiOiI2LjQzIiwicXNhIjoiNC41OCIsInFzcCI6IjAuMDAifQ%3D%3D&rnid=3576079031&s=shoes&sprefix=%2Caps%2C237&sr=1-4,Women Walking Shoes Casual Breathable and Lightweight Upper Mesh Lace Up Sneakers Fashionable Shoes,https://www.amazon.in/Enjoy-Breathable-Lightweight-Sneakers-Fashionable/dp/B0BF12XGY9/ref=cs_sr_dp_5?crid=1I3OY9G5WVWBV&keywords=great+indian+festival&qid=1665755787&qu=eyJxc2MiOiI2LjQzIiwicXNhIjoiNC41OCIsInFzcCI6IjAuMDAifQ%3D%3D&rnid=3576079031&s=shoes&sprefix=%2Caps%2C237&sr=1-4,Great Indian Festival,https://www.amazon.in/Enjoy-Breathable-Lightweight-Sneakers-Fashionable/dp/B09B7SPLWS/ref=sr_1_4?crid=1I3OY9G5WVWBV&keywords=great+indian+festival&qid=1665755787&qu=eyJxc2MiOiI2LjQzIiwicXNhIjoiNC41OCIsInFzcCI6IjAuMDAifQ%3D%3D&rnid=3576079031&s=shoes&sprefix=%2Caps%2C237&sr=1-4,"₹1,235","1,235","₹4,999",(75% off),FREE Delivery by Amazon,javascript:void(0),4.1 out of 5 stars,104,,,,,,
FOUND,https://www.amazon.in/Athizay%C2%AE-handbags-traditional-Drawstring-Embroidery/dp/B08HL2ZKWH/ref=sr_1_5?crid=1I3OY9G5WVWBV&keywords=great+indian+festival&qid=1665755787&qu=eyJxc2MiOiI2LjQzIiwicXNhIjoiNC41OCIsInFzcCI6IjAuMDAifQ%3D%3D&rnid=3576079031&s=shoes&sprefix=%2Caps%2C237&sr=1-5,https://m.media-amazon.com/images/I/A1bNQVncVFL._AC_UL320_.jpg,https://www.amazon.in/Athizay%C2%AE-handbags-traditional-Drawstring-Embroidery/dp/B08HL2ZKWH/ref=sr_1_5?crid=1I3OY9G5WVWBV&keywords=great+indian+festival&qid=1665755787&qu=eyJxc2MiOiI2LjQzIiwicXNhIjoiNC41OCIsInFzcCI6IjAuMDAifQ%3D%3D&rnid=3576079031&s=shoes&sprefix=%2Caps%2C237&sr=1-5,https://www.amazon.in/Athizay%C2%AE-handbags-traditional-Drawstring-Embroidery/dp/B08HL2ZKWH/ref=sr_1_5?crid=1I3OY9G5WVWBV&keywords=great+indian+festival&qid=1665755787&qu=eyJxc2MiOiI2LjQzIiwicXNhIjoiNC41OCIsInFzcCI6IjAuMDAifQ%3D%3D&rnid=3576079031&s=shoes&sprefix=%2Caps%2C237&sr=1-5#customerReviews,,athizay,,4 Pcs Firozi Potli bags Combo for women handbags traditional Indian Wristlet with Drawstring Ethnic Embroidery Women Fashion Potli,,,https://www.amazon.in/Athizay%C2%AE-handbags-traditional-Drawstring-Embroidery/dp/B08HL2ZKWH/ref=sr_1_5?crid=1I3OY9G5WVWBV&keywords=great+indian+festival&qid=1665755787&qu=eyJxc2MiOiI2LjQzIiwicXNhIjoiNC41OCIsInFzcCI6IjAuMDAifQ%3D%3D&rnid=3576079031&s=shoes&sprefix=%2Caps%2C237&sr=1-5,₹699,699,"₹1,999",(65% off),FREE Delivery by Amazon,javascript:void(0),5.0 out of 5 stars,1,,,,,,
FOUND,https://www.amazon.in/ZORIK-Orange-Synthetic-Leather-Jogging/dp/B08KWLXT8C/ref=sr_1_6?crid=1I3OY9G5WVWBV&keywords=great+indian+festival&qid=1665755787&qu=eyJxc2MiOiI2LjQzIiwicXNhIjoiNC41OCIsInFzcCI6IjAuMDAifQ%3D%3D&rnid=3576079031&s=shoes&sprefix=%2Caps%2C237&sr=1-6,https://m.media-amazon.com/images/I/61EcI1eBcrL._AC_UL320_.jpg,https://www.amazon.in/ZORIK-Orange-Synthetic-Leather-Jogging/dp/B08KWLXT8C/ref=sr_1_6?crid=1I3OY9G5WVWBV&keywords=great+indian+festival&qid=1665755787&qu=eyJxc2MiOiI2LjQzIiwicXNhIjoiNC41OCIsInFzcCI6IjAuMDAifQ%3D%3D&rnid=3576079031&s=shoes&sprefix=%2Caps%2C237&sr=1-6,https://www.amazon.in/ZORIK-Orange-Synthetic-Leather-Jogging/dp/B08KWLXT8C/ref=sr_1_6?crid=1I3OY9G5WVWBV&keywords=great+indian+festival&qid=1665755787&qu=eyJxc2MiOiI2LjQzIiwicXNhIjoiNC41OCIsInFzcCI6IjAuMDAifQ%3D%3D&rnid=3576079031&s=shoes&sprefix=%2Caps%2C237&sr=1-6#customerReviews,,ZORIK,,Men's Blue & Orange Synthetic Leather Jogging Sports Shoes - ZR-001,,,https://www.amazon.in/ZORIK-Orange-Synthetic-Leather-Jogging/dp/B08KWLXT8C/ref=sr_1_6?crid=1I3OY9G5WVWBV&keywords=great+indian+festival&qid=1665755787&qu=eyJxc2MiOiI2LjQzIiwicXNhIjoiNC41OCIsInFzcCI6IjAuMDAifQ%3D%3D&rnid=3576079031&s=shoes&sprefix=%2Caps%2C237&sr=1-6,₹849,849,"₹2,499",(66% off),,javascript:void(0),3.3 out of 5 stars,10,,,,,,
FOUND,https://www.amazon.in/Comfortable-Lightweight-Walking-Running-Sneakers/dp/B0B58M26W6/ref=sr_1_7?crid=1I3OY9G5WVWBV&keywords=great+indian+festival&qid=1665755787&qu=eyJxc2MiOiI2LjQzIiwicXNhIjoiNC41OCIsInFzcCI6IjAuMDAifQ%3D%3D&rnid=3576079031&s=shoes&sprefix=%2Caps%2C237&sr=1-7,https://m.media-amazon.com/images/I/71af402eNZL._AC_UL320_.jpg,https://www.amazon.in/Comfortable-Lightweight-Walking-Running-Sneakers/dp/B0B58M26W6/ref=cs_sr_dp_1?crid=1I3OY9G5WVWBV&keywords=great+indian+festival&qid=1665755787&qu=eyJxc2MiOiI2LjQzIiwicXNhIjoiNC41OCIsInFzcCI6IjAuMDAifQ%3D%3D&rnid=3576079031&s=shoes&sprefix=%2Caps%2C237&sr=1-7,https://www.amazon.in/Comfortable-Lightweight-Walking-Running-Sneakers/dp/B0BGC8X8NX/ref=cs_sr_dp_2?crid=1I3OY9G5WVWBV&keywords=great+indian+festival&qid=1665755787&qu=eyJxc2MiOiI2LjQzIiwicXNhIjoiNC41OCIsInFzcCI6IjAuMDAifQ%3D%3D&rnid=3576079031&s=shoes&sprefix=%2Caps%2C237&sr=1-7,https://www.amazon.in/Comfortable-Lightweight-Walking-Running-Sneakers/dp/B0B58M26W6/ref=sr_1_7?crid=1I3OY9G5WVWBV&keywords=great+indian+festival&qid=1665755787&qu=eyJxc2MiOiI2LjQzIiwicXNhIjoiNC41OCIsInFzcCI6IjAuMDAifQ%3D%3D&rnid=3576079031&s=shoes&sprefix=%2Caps%2C237&sr=1-7,ENJOY the celebration people,https://www.amazon.in/Comfortable-Lightweight-Walking-Running-Sneakers/dp/B0B58M26W6/ref=sr_1_7?crid=1I3OY9G5WVWBV&keywords=great+indian+festival&qid=1665755787&qu=eyJxc2MiOiI2LjQzIiwicXNhIjoiNC41OCIsInFzcCI6IjAuMDAifQ%3D%3D&rnid=3576079031&s=shoes&sprefix=%2Caps%2C237&sr=1-7#customerReviews,Enjoy Mesh Shoes for Men | Comfortable & Lightweight Trendy Walking & Running Shoes Lace Up | Sneakers for Men | Gym & Workout Shoe,https://www.amazon.in/greatindianfestival,Great Indian Festival,https://www.amazon.in/Comfortable-Lightweight-Walking-Running-Sneakers/dp/B0B58M26W6/ref=sr_1_7?crid=1I3OY9G5WVWBV&keywords=great+indian+festival&qid=1665755787&qu=eyJxc2MiOiI2LjQzIiwicXNhIjoiNC41OCIsInFzcCI6IjAuMDAifQ%3D%3D&rnid=3576079031&s=shoes&sprefix=%2Caps%2C237&sr=1-7,₹499,499,"₹1,499",(67% off),FREE Delivery by Amazon,javascript:void(0),5.0 out of 5 stars,1,,,,,,
FOUND,https://www.amazon.in/Puma-Flexracer-IDP-Pomegranate-PUM-Maroon/dp/B07NQJZ4Q3/ref=sr_1_8?crid=1I3OY9G5WVWBV&keywords=great+indian+festival&qid=1665755787&qu=eyJxc2MiOiI2LjQzIiwicXNhIjoiNC41OCIsInFzcCI6IjAuMDAifQ%3D%3D&rnid=3576079031&s=shoes&sprefix=%2Caps%2C237&sr=1-8,https://m.media-amazon.com/images/I/61FlEZRz8aL._AC_UL320_.jpg,https://www.amazon.in/Puma-Flexracer-IDP-Pomegranate-PUM-Maroon/dp/B07NQJZ4Q3/ref=cs_sr_dp_1?crid=1I3OY9G5WVWBV&keywords=great+indian+festival&qid=1665755787&qu=eyJxc2MiOiI2LjQzIiwicXNhIjoiNC41OCIsInFzcCI6IjAuMDAifQ%3D%3D&rnid=3576079031&s=shoes&sprefix=%2Caps%2C237&sr=1-8,https://www.amazon.in/Puma-Flexracer-IDP-Pomegranate-PUM-Maroon/dp/B084PRBHL8/ref=cs_sr_dp_2?crid=1I3OY9G5WVWBV&keywords=great+indian+festival&qid=1665755787&qu=eyJxc2MiOiI2LjQzIiwicXNhIjoiNC41OCIsInFzcCI6IjAuMDAifQ%3D%3D&rnid=3576079031&s=shoes&sprefix=%2Caps%2C237&sr=1-8,https://www.amazon.in/Puma-Flexracer-IDP-Pomegranate-PUM-Maroon/dp/B082YF6HRD/ref=cs_sr_dp_3?crid=1I3OY9G5WVWBV&keywords=great+indian+festival&qid=1665755787&qu=eyJxc2MiOiI2LjQzIiwicXNhIjoiNC41OCIsInFzcCI6IjAuMDAifQ%3D%3D&rnid=3576079031&s=shoes&sprefix=%2Caps%2C237&sr=1-8,Puma,https://www.amazon.in/Puma-Flexracer-IDP-Pomegranate-PUM-Maroon/dp/B082YDKDVZ/ref=cs_sr_dp_4?crid=1I3OY9G5WVWBV&keywords=great+indian+festival&qid=1665755787&qu=eyJxc2MiOiI2LjQzIiwicXNhIjoiNC41OCIsInFzcCI6IjAuMDAifQ%3D%3D&rnid=3576079031&s=shoes&sprefix=%2Caps%2C237&sr=1-8,Men's Flexracer Hm Nu Idp Shoes,https://www.amazon.in/Puma-Flexracer-IDP-Pomegranate-PUM-Maroon/dp/B07NQKHQJ5/ref=cs_sr_dp_5?crid=1I3OY9G5WVWBV&keywords=great+indian+festival&qid=1665755787&qu=eyJxc2MiOiI2LjQzIiwicXNhIjoiNC41OCIsInFzcCI6IjAuMDAifQ%3D%3D&rnid=3576079031&s=shoes&sprefix=%2Caps%2C237&sr=1-8,,https://www.amazon.in/Puma-Flexracer-IDP-Pomegranate-PUM-Maroon/dp/B07NQJZ4Q3/ref=sr_1_8?crid=1I3OY9G5WVWBV&keywords=great+indian+festival&qid=1665755787&qu=eyJxc2MiOiI2LjQzIiwicXNhIjoiNC41OCIsInFzcCI6IjAuMDAifQ%3D%3D&rnid=3576079031&s=shoes&sprefix=%2Caps%2C237&sr=1-8,"₹1,749","1,749","₹3,499",(50% off),FREE Delivery by Amazon,javascript:void(0),4.0 out of 5 stars,385,2,,,,,
FOUND,https://www.amazon.in/athizay-Multi-Colored-traditional-Drawstring-Embroidery/dp/B08KWL4DGS/ref=sr_1_9?crid=1I3OY9G5WVWBV&keywords=great+indian+festival&qid=1665755787&qu=eyJxc2MiOiI2LjQzIiwicXNhIjoiNC41OCIsInFzcCI6IjAuMDAifQ%3D%3D&rnid=3576079031&s=shoes&sprefix=%2Caps%2C237&sr=1-9,https://m.media-amazon.com/images/I/81OCM1TwyoL._AC_UL320_.jpg,https://www.amazon.in/athizay-Multi-Colored-traditional-Drawstring-Embroidery/dp/B08KWL4DGS/ref=sr_1_9?crid=1I3OY9G5WVWBV&keywords=great+indian+festival&qid=1665755787&qu=eyJxc2MiOiI2LjQzIiwicXNhIjoiNC41OCIsInFzcCI6IjAuMDAifQ%3D%3D&rnid=3576079031&s=shoes&sprefix=%2Caps%2C237&sr=1-9,https://www.amazon.in/athizay-Multi-Colored-traditional-Drawstring-Embroidery/dp/B08KWL4DGS/ref=sr_1_9?crid=1I3OY9G5WVWBV&keywords=great+indian+festival&qid=1665755787&qu=eyJxc2MiOiI2LjQzIiwicXNhIjoiNC41OCIsInFzcCI6IjAuMDAifQ%3D%3D&rnid=3576079031&s=shoes&sprefix=%2Caps%2C237&sr=1-9#customerReviews,,athizay,,"3 Pcs Multi-Colored (Pink,Orange,Beige) Potli bags Combo for women handbags traditional Indian Wristlet with Drawstring Ethnic Embroidery Women Fashion Potli",,,https://www.amazon.in/athizay-Multi-Colored-traditional-Drawstring-Embroidery/dp/B08KWL4DGS/ref=sr_1_9?crid=1I3OY9G5WVWBV&keywords=great+indian+festival&qid=1665755787&qu=eyJxc2MiOiI2LjQzIiwicXNhIjoiNC41OCIsInFzcCI6IjAuMDAifQ%3D%3D&rnid=3576079031&s=shoes&sprefix=%2Caps%2C237&sr=1-9,₹449,449,"₹1,299",(65% off),,javascript:void(0),4.0 out of 5 stars,2,,,,,,
FOUND,https://www.amazon.in/Breathable-Walking-Running-Stylish-Workout/dp/B0BGCC444V/ref=sr_1_10?crid=1I3OY9G5WVWBV&keywords=great+indian+festival&qid=1665755787&qu=eyJxc2MiOiI2LjQzIiwicXNhIjoiNC41OCIsInFzcCI6IjAuMDAifQ%3D%3D&rnid=3576079031&s=shoes&sprefix=%2Caps%2C237&sr=1-10,https://m.media-amazon.com/images/I/81bEEZFR0kL._AC_UL320_.jpg,https://www.amazon.in/Breathable-Walking-Running-Stylish-Workout/dp/B0BGCC444V/ref=sr_1_10?crid=1I3OY9G5WVWBV&keywords=great+indian+festival&qid=1665755787&qu=eyJxc2MiOiI2LjQzIiwicXNhIjoiNC41OCIsInFzcCI6IjAuMDAifQ%3D%3D&rnid=3576079031&s=shoes&sprefix=%2Caps%2C237&sr=1-10,https://www.amazon.in/Breathable-Walking-Running-Stylish-Workout/dp/B0BGCC444V/ref=sr_1_10?crid=1I3OY9G5WVWBV&keywords=great+indian+festival&qid=1665755787&qu=eyJxc2MiOiI2LjQzIiwicXNhIjoiNC41OCIsInFzcCI6IjAuMDAifQ%3D%3D&rnid=3576079031&s=shoes&sprefix=%2Caps%2C237&sr=1-10#customerReviews,https://www.amazon.in/greatindianfestival,ENJOY the celebration people,,"Enjoy Mesh Shoes for Men, Breathable & Light Weight Shoes, Walking & Running Shoes for Men, Stylish Shoe for Men, Gym & Workout Sneaker",,Great Indian Festival,https://www.amazon.in/Breathable-Walking-Running-Stylish-Workout/dp/B0BGCC444V/ref=sr_1_10?crid=1I3OY9G5WVWBV&keywords=great+indian+festival&qid=1665755787&qu=eyJxc2MiOiI2LjQzIiwicXNhIjoiNC41OCIsInFzcCI6IjAuMDAifQ%3D%3D&rnid=3576079031&s=shoes&sprefix=%2Caps%2C237&sr=1-10,₹499,499,₹999,(50% off),FREE Delivery by Amazon,javascript:void(0),4.1 out of 5 stars,72,,,,,,
FOUND,https://www.amazon.in/Beautiul-Handmade-Zardosi-Embroidered-Occasion/dp/B0B9T14GH9/ref=sr_1_11?crid=1I3OY9G5WVWBV&keywords=great+indian+festival&qid=1665755787&qu=eyJxc2MiOiI2LjQzIiwicXNhIjoiNC41OCIsInFzcCI6IjAuMDAifQ%3D%3D&rnid=3576079031&s=shoes&sprefix=%2Caps%2C237&sr=1-11,https://m.media-amazon.com/images/I/61rW7qYKGTL._AC_UL320_.jpg,https://www.amazon.in/Beautiul-Handmade-Zardosi-Embroidered-Occasion/dp/B0B9T14GH9/ref=sr_1_11?crid=1I3OY9G5WVWBV&keywords=great+indian+festival&qid=1665755787&qu=eyJxc2MiOiI2LjQzIiwicXNhIjoiNC41OCIsInFzcCI6IjAuMDAifQ%3D%3D&rnid=3576079031&s=shoes&sprefix=%2Caps%2C237&sr=1-11,,,Shubham's,,Handmade Beautiful Beaded Pearl Zardosi Cut Work Embroidered Potli Bag Women Handbag Pouch For Special Occasion Silk Fabric,,,https://www.amazon.in/Beautiul-Handmade-Zardosi-Embroidered-Occasion/dp/B0B9T14GH9/ref=sr_1_11?crid=1I3OY9G5WVWBV&keywords=great+indian+festival&qid=1665755787&qu=eyJxc2MiOiI2LjQzIiwicXNhIjoiNC41OCIsInFzcCI6IjAuMDAifQ%3D%3D&rnid=3576079031&s=shoes&sprefix=%2Caps%2C237&sr=1-11,"₹1,599","1,599","₹4,999",(68% off),,,,,,,,,,
FOUND,https://www.amazon.in/Shubhams-embroidered-drawstring-bridesmaid-fashionable/dp/B0B9SLJH1B/ref=sr_1_12?crid=1I3OY9G5WVWBV&keywords=great+indian+festival&qid=1665755787&qu=eyJxc2MiOiI2LjQzIiwicXNhIjoiNC41OCIsInFzcCI6IjAuMDAifQ%3D%3D&rnid=3576079031&s=shoes&sprefix=%2Caps%2C237&sr=1-12,https://m.media-amazon.com/images/I/81-+AHOg9XL._AC_UL320_.jpg,https://www.amazon.in/Shubhams-embroidered-drawstring-bridesmaid-fashionable/dp/B0B9SLJH1B/ref=cs_sr_dp_1?crid=1I3OY9G5WVWBV&keywords=great+indian+festival&qid=1665755787&qu=eyJxc2MiOiI2LjQzIiwicXNhIjoiNC41OCIsInFzcCI6IjAuMDAifQ%3D%3D&rnid=3576079031&s=shoes&sprefix=%2Caps%2C237&sr=1-12,https://www.amazon.in/Shubhams-embroidered-drawstring-bridesmaid-fashionable/dp/B0B9SJRBH3/ref=cs_sr_dp_2?crid=1I3OY9G5WVWBV&keywords=great+indian+festival&qid=1665755787&qu=eyJxc2MiOiI2LjQzIiwicXNhIjoiNC41OCIsInFzcCI6IjAuMDAifQ%3D%3D&rnid=3576079031&s=shoes&sprefix=%2Caps%2C237&sr=1-12,https://www.amazon.in/Shubhams-embroidered-drawstring-bridesmaid-fashionable/dp/B0B9SHJJPF/ref=cs_sr_dp_3?crid=1I3OY9G5WVWBV&keywords=great+indian+festival&qid=1665755787&qu=eyJxc2MiOiI2LjQzIiwicXNhIjoiNC41OCIsInFzcCI6IjAuMDAifQ%3D%3D&rnid=3576079031&s=shoes&sprefix=%2Caps%2C237&sr=1-12,Shubham's,https://www.amazon.in/Shubhams-embroidered-drawstring-bridesmaid-fashionable/dp/B0B9SPBDXT/ref=cs_sr_dp_4?crid=1I3OY9G5WVWBV&keywords=great+indian+festival&qid=1665755787&qu=eyJxc2MiOiI2LjQzIiwicXNhIjoiNC41OCIsInFzcCI6IjAuMDAifQ%3D%3D&rnid=3576079031&s=shoes&sprefix=%2Caps%2C237&sr=1-12,Zari Handmade bling artisanal lotus texture embroidered luxury drawstring bridesmaid potli designer inspired handbag fashionable gifting purse,https://www.amazon.in/Shubhams-embroidered-drawstring-bridesmaid-fashionable/dp/B0B9SKH1H5/ref=cs_sr_dp_5?crid=1I3OY9G5WVWBV&keywords=great+indian+festival&qid=1665755787&qu=eyJxc2MiOiI2LjQzIiwicXNhIjoiNC41OCIsInFzcCI6IjAuMDAifQ%3D%3D&rnid=3576079031&s=shoes&sprefix=%2Caps%2C237&sr=1-12,,https://www.amazon.in/Shubhams-embroidered-drawstring-bridesmaid-fashionable/dp/B0B9SLJH1B/ref=sr_1_12?crid=1I3OY9G5WVWBV&keywords=great+indian+festival&qid=1665755787&qu=eyJxc2MiOiI2LjQzIiwicXNhIjoiNC41OCIsInFzcCI6IjAuMDAifQ%3D%3D&rnid=3576079031&s=shoes&sprefix=%2Caps%2C237&sr=1-12,"₹1,799","1,799","₹4,999",(64% off),,,,,2,,,,,
FOUND,https://www.amazon.in/Walking-Running-Weight-Breathable-Workout/dp/B0B53QKNZB/ref=sr_1_13?crid=1I3OY9G5WVWBV&keywords=great+indian+festival&qid=1665755787&qu=eyJxc2MiOiI2LjQzIiwicXNhIjoiNC41OCIsInFzcCI6IjAuMDAifQ%3D%3D&rnid=3576079031&s=shoes&sprefix=%2Caps%2C237&sr=1-13,https://m.media-amazon.com/images/I/71+jxYoLyiL._AC_UL320_.jpg,https://www.amazon.in/Walking-Running-Weight-Breathable-Workout/dp/B0B53QKNZB/ref=sr_1_13?crid=1I3OY9G5WVWBV&keywords=great+indian+festival&qid=1665755787&qu=eyJxc2MiOiI2LjQzIiwicXNhIjoiNC41OCIsInFzcCI6IjAuMDAifQ%3D%3D&rnid=3576079031&s=shoes&sprefix=%2Caps%2C237&sr=1-13,https://www.amazon.in/Walking-Running-Weight-Breathable-Workout/dp/B0B53QKNZB/ref=sr_1_13?crid=1I3OY9G5WVWBV&keywords=great+indian+festival&qid=1665755787&qu=eyJxc2MiOiI2LjQzIiwicXNhIjoiNC41OCIsInFzcCI6IjAuMDAifQ%3D%3D&rnid=3576079031&s=shoes&sprefix=%2Caps%2C237&sr=1-13#customerReviews,https://www.amazon.in/greatindianfestival,ENJOY the celebration people,,"Enjoy Walking & Running Shoes for Men, Mesh Shoes for Men, Light Weight & Breathable Shoe, Gym & Workout Shoe, No Lace Shoe for Men",,Great Indian Festival,https://www.amazon.in/Walking-Running-Weight-Breathable-Workout/dp/B0B53QKNZB/ref=sr_1_13?crid=1I3OY9G5WVWBV&keywords=great+indian+festival&qid=1665755787&qu=eyJxc2MiOiI2LjQzIiwicXNhIjoiNC41OCIsInFzcCI6IjAuMDAifQ%3D%3D&rnid=3576079031&s=shoes&sprefix=%2Caps%2C237&sr=1-13,₹499,499,"₹1,499",(67% off),FREE Delivery by Amazon,javascript:void(0),4.0 out of 5 stars,1,,,,,,
FOUND,https://www.amazon.in/Comfortable-Lightweight-Walking-Running-Sneakers/dp/B0B4JPXCYS/ref=sr_1_14?crid=1I3OY9G5WVWBV&keywords=great+indian+festival&qid=1665755787&qu=eyJxc2MiOiI2LjQzIiwicXNhIjoiNC41OCIsInFzcCI6IjAuMDAifQ%3D%3D&rnid=3576079031&s=shoes&sprefix=%2Caps%2C237&sr=1-14,https://m.media-amazon.com/images/I/9173+kIkATL._AC_UL320_.jpg,https://www.amazon.in/Comfortable-Lightweight-Walking-Running-Sneakers/dp/B0B4JPXCYS/ref=sr_1_14?crid=1I3OY9G5WVWBV&keywords=great+indian+festival&qid=1665755787&qu=eyJxc2MiOiI2LjQzIiwicXNhIjoiNC41OCIsInFzcCI6IjAuMDAifQ%3D%3D&rnid=3576079031&s=shoes&sprefix=%2Caps%2C237&sr=1-14,https://www.amazon.in/Comfortable-Lightweight-Walking-Running-Sneakers/dp/B0B4JPXCYS/ref=sr_1_14?crid=1I3OY9G5WVWBV&keywords=great+indian+festival&qid=1665755787&qu=eyJxc2MiOiI2LjQzIiwicXNhIjoiNC41OCIsInFzcCI6IjAuMDAifQ%3D%3D&rnid=3576079031&s=shoes&sprefix=%2Caps%2C237&sr=1-14#customerReviews,https://www.amazon.in/greatindianfestival,ENJOY the celebration people,,Enjoy Mesh Shoes for Men | Men's Sports Shoes Comfortable & Lightweight Trendy Walking & Running Shoes Lace Up | Sneakers for Men,,Great Indian Festival,https://www.amazon.in/Comfortable-Lightweight-Walking-Running-Sneakers/dp/B0B4JPXCYS/ref=sr_1_14?crid=1I3OY9G5WVWBV&keywords=great+indian+festival&qid=1665755787&qu=eyJxc2MiOiI2LjQzIiwicXNhIjoiNC41OCIsInFzcCI6IjAuMDAifQ%3D%3D&rnid=3576079031&s=shoes&sprefix=%2Caps%2C237&sr=1-14,₹499,499,₹999,(50% off),FREE Delivery by Amazon,javascript:void(0),3.9 out of 5 stars,47,,,,,,
FOUND,https://www.amazon.in/Lace-up-Sport-Shoes-Jogging-Cycling-Numeric_6/dp/B08F5MLJNQ/ref=sr_1_15?crid=1I3OY9G5WVWBV&keywords=great+indian+festival&qid=1665755787&qu=eyJxc2MiOiI2LjQzIiwicXNhIjoiNC41OCIsInFzcCI6IjAuMDAifQ%3D%3D&rnid=3576079031&s=shoes&sprefix=%2Caps%2C237&sr=1-15,https://m.media-amazon.com/images/I/71ngEZv9-jL._AC_UL320_.jpg,https://www.amazon.in/Lace-up-Sport-Shoes-Jogging-Cycling-Numeric_6/dp/B08F5MLJNQ/ref=sr_1_15?crid=1I3OY9G5WVWBV&keywords=great+indian+festival&qid=1665755787&qu=eyJxc2MiOiI2LjQzIiwicXNhIjoiNC41OCIsInFzcCI6IjAuMDAifQ%3D%3D&rnid=3576079031&s=shoes&sprefix=%2Caps%2C237&sr=1-15,https://www.amazon.in/Lace-up-Sport-Shoes-Jogging-Cycling-Numeric_6/dp/B08F5MLJNQ/ref=sr_1_15?crid=1I3OY9G5WVWBV&keywords=great+indian+festival&qid=1665755787&qu=eyJxc2MiOiI2LjQzIiwicXNhIjoiNC41OCIsInFzcCI6IjAuMDAifQ%3D%3D&rnid=3576079031&s=shoes&sprefix=%2Caps%2C237&sr=1-15#customerReviews,,Generic,,"Leo Light Weight Breathable Non Slip Men Black- Blue Mesh Lace-up Sport-Shoes (808) for Jogging, Cycling & Casual Wearing",,,https://www.amazon.in/Lace-up-Sport-Shoes-Jogging-Cycling-Numeric_6/dp/B08F5MLJNQ/ref=sr_1_15?crid=1I3OY9G5WVWBV&keywords=great+indian+festival&qid=1665755787&qu=eyJxc2MiOiI2LjQzIiwicXNhIjoiNC41OCIsInFzcCI6IjAuMDAifQ%3D%3D&rnid=3576079031&s=shoes&sprefix=%2Caps%2C237&sr=1-15,₹549,549,₹999,(45% off),FREE Delivery by Amazon,javascript:void(0),2.8 out of 5 stars,2,,,,,,
FOUND,https://www.amazon.in/Sport-Shoes-Jogging-Running-Cycling-Numeric_9/dp/B08L9GQRF4/ref=sr_1_16?crid=1I3OY9G5WVWBV&keywords=great+indian+festival&qid=1665755787&qu=eyJxc2MiOiI2LjQzIiwicXNhIjoiNC41OCIsInFzcCI6IjAuMDAifQ%3D%3D&rnid=3576079031&s=shoes&sprefix=%2Caps%2C237&sr=1-16,https://m.media-amazon.com/images/I/81+zC9Ewv5L._AC_UL320_.jpg,https://www.amazon.in/Sport-Shoes-Jogging-Running-Cycling-Numeric_9/dp/B08L9GQRF4/ref=sr_1_16?crid=1I3OY9G5WVWBV&keywords=great+indian+festival&qid=1665755787&qu=eyJxc2MiOiI2LjQzIiwicXNhIjoiNC41OCIsInFzcCI6IjAuMDAifQ%3D%3D&rnid=3576079031&s=shoes&sprefix=%2Caps%2C237&sr=1-16,,,Generic,,"Leo Men's White Slip-on Sport-Shoes (822) for Jogging, Running, Cycling & Walking",,,https://www.amazon.in/Sport-Shoes-Jogging-Running-Cycling-Numeric_9/dp/B08L9GQRF4/ref=sr_1_16?crid=1I3OY9G5WVWBV&keywords=great+indian+festival&qid=1665755787&qu=eyJxc2MiOiI2LjQzIiwicXNhIjoiNC41OCIsInFzcCI6IjAuMDAifQ%3D%3D&rnid=3576079031&s=shoes&sprefix=%2Caps%2C237&sr=1-16,₹579,579,₹999,(42% off),FREE Delivery by Amazon,,,,,,,,,
FOUND,https://www.amazon.in/sspa/click?ie=UTF8&spc=MTo3MjUzNDMwNzk3NDAxNTk2OjE2NjU3NTU3ODc6c3BfbXRmOjIwMDY2NjIxNDEzNTk4OjowOjo&sp_csd=d2lkZ2V0TmFtZT1zcF9tdGY&url=%2FASIAN-Delta-21-Running-Shoes-Casual%2Fdp%2FB09RXSP1M9%2Fref%3Dsr_1_17_sspa%3Fcrid%3D1I3OY9G5WVWBV%26keywords%3Dgreat%2Bindian%2Bfestival%26qid%3D1665755787%26qu%3DeyJxc2MiOiI2LjQzIiwicXNhIjoiNC41OCIsInFzcCI6IjAuMDAifQ%253D%253D%26rnid%3D3576079031%26s%3Dshoes%26sprefix%3D%252Caps%252C237%26sr%3D1-17-spons%26psc%3D1,https://m.media-amazon.com/images/I/51vq9mxeeDL._AC_UL320_.jpg,https://www.amazon.in/sspa/click?ie=UTF8&spc=MTo3MjUzNDMwNzk3NDAxNTk2OjE2NjU3NTU3ODc6c3BfbXRmOjIwMDY2NjIxNDEzNTk4OjowOjo&sp_csd=d2lkZ2V0TmFtZT1zcF9tdGY&url=%2FASIAN-Delta-21-Running-Shoes-Casual%2Fdp%2FB09RXSP1M9%2Fref%3Dsr_1_17_sspa%3Fcrid%3D1I3OY9G5WVWBV%26keywords%3Dgreat%2Bindian%2Bfestival%26qid%3D1665755787%26qu%3DeyJxc2MiOiI2LjQzIiwicXNhIjoiNC41OCIsInFzcCI6IjAuMDAifQ%253D%253D%26rnid%3D3576079031%26s%3Dshoes%26sprefix%3D%252Caps%252C237%26sr%3D1-17-spons%26psc%3D1,https://www.amazon.in/s?k=great+indian+festival&i=shoes&dc&ds=v1%3AxfcuUKOMagRUVQcd1qAGsKsbULqZr5DNdX8wStmZbE0&crid=1I3OY9G5WVWBV&qid=1665755690&rnid=3576079031&sprefix=%2Caps%2C237&ref=sr_nr_i_13#,https://www.amazon.in/sspa/click?ie=UTF8&spc=MTo3MjUzNDMwNzk3NDAxNTk2OjE2NjU3NTU3ODc6c3BfbXRmOjIwMDY2NjIxNDEzNTk4OjowOjo&sp_csd=d2lkZ2V0TmFtZT1zcF9tdGY&url=%2FASIAN-Delta-21-Running-Shoes-Casual%2Fdp%2FB09RXSP1M9%2Fref%3Dsr_1_17_sspa%3Fcrid%3D1I3OY9G5WVWBV%26keywords%3Dgreat%2Bindian%2Bfestival%26qid%3D1665755787%26qu%3DeyJxc2MiOiI2LjQzIiwicXNhIjoiNC41OCIsInFzcCI6IjAuMDAifQ%253D%253D%26rnid%3D3576079031%26s%3Dshoes%26sprefix%3D%252Caps%252C237%26sr%3D1-17-spons%26psc%3D1,ASIAN,https://www.amazon.in/sspa/click?ie=UTF8&spc=MTo3MjUzNDMwNzk3NDAxNTk2OjE2NjU3NTU3ODc6c3BfbXRmOjIwMDY2NjIxNDEzNTk4OjowOjo&sp_csd=d2lkZ2V0TmFtZT1zcF9tdGY&url=%2FASIAN-Delta-21-Running-Shoes-Casual%2Fdp%2FB09RXSP1M9%2Fref%3Dsr_1_17_sspa%3Fcrid%3D1I3OY9G5WVWBV%26keywords%3Dgreat%2Bindian%2Bfestival%26qid%3D1665755787%26qu%3DeyJxc2MiOiI2LjQzIiwicXNhIjoiNC41OCIsInFzcCI6IjAuMDAifQ%253D%253D%26rnid%3D3576079031%26s%3Dshoes%26sprefix%3D%252Caps%252C237%26sr%3D1-17-spons%26psc%3D1#customerReviews,Men's Delta-21 Running Shoes for Men I Sport Shoes for Boys with Eva Sole for Extra Jump I Casual Shoes for Men,https://www.amazon.in/greatindianfestival,Great Indian Festival,https://www.amazon.in/sspa/click?ie=UTF8&spc=MTo3MjUzNDMwNzk3NDAxNTk2OjE2NjU3NTU3ODc6c3BfbXRmOjIwMDY2NjIxNDEzNTk4OjowOjo&sp_csd=d2lkZ2V0TmFtZT1zcF9tdGY&url=%2FASIAN-Delta-21-Running-Shoes-Casual%2Fdp%2FB09RXSP1M9%2Fref%3Dsr_1_17_sspa%3Fcrid%3D1I3OY9G5WVWBV%26keywords%3Dgreat%2Bindian%2Bfestival%26qid%3D1665755787%26qu%3DeyJxc2MiOiI2LjQzIiwicXNhIjoiNC41OCIsInFzcCI6IjAuMDAifQ%253D%253D%26rnid%3D3576079031%26s%3Dshoes%26sprefix%3D%252Caps%252C237%26sr%3D1-17-spons%26psc%3D1,₹697,697,"₹1,499",(54% off),Sponsored,javascript:void(0),3.7 out of 5 stars,150,+2 colors/patterns,javascript:void(0),Sponsored,You are seeing this ad based on the product’s relevance to your search query.,Let us know,FREE Delivery by Amazon
FOUND,https://www.amazon.in/sspa/click?ie=UTF8&spc=MTo3MjUzNDMwNzk3NDAxNTk2OjE2NjU3NTU3ODc6c3BfbXRmOjIwMDg0MjIyMjQ2Mjk4OjowOjo&sp_csd=d2lkZ2V0TmFtZT1zcF9tdGY&url=%2FXIOTA-Introduce-Females-Sneakers-White-36%2Fdp%2FB0B68PND2D%2Fref%3Dsr_1_18_sspa%3Fcrid%3D1I3OY9G5WVWBV%26keywords%3Dgreat%2Bindian%2Bfestival%26qid%3D1665755787%26qu%3DeyJxc2MiOiI2LjQzIiwicXNhIjoiNC41OCIsInFzcCI6IjAuMDAifQ%253D%253D%26rnid%3D3576079031%26s%3Dshoes%26sprefix%3D%252Caps%252C237%26sr%3D1-18-spons%26psc%3D1,https://m.media-amazon.com/images/I/51riEcTpNOL._AC_UL320_.jpg,https://www.amazon.in/sspa/click?ie=UTF8&spc=MTo3MjUzNDMwNzk3NDAxNTk2OjE2NjU3NTU3ODc6c3BfbXRmOjIwMDg0MjIyMjQ2Mjk4OjowOjo&sp_csd=d2lkZ2V0TmFtZT1zcF9tdGY&url=%2FXIOTA-Introduce-Females-Sneakers-White-36%2Fdp%2FB0B68PND2D%2Fref%3Dsr_1_18_sspa%3Fcrid%3D1I3OY9G5WVWBV%26keywords%3Dgreat%2Bindian%2Bfestival%26qid%3D1665755787%26qu%3DeyJxc2MiOiI2LjQzIiwicXNhIjoiNC41OCIsInFzcCI6IjAuMDAifQ%253D%253D%26rnid%3D3576079031%26s%3Dshoes%26sprefix%3D%252Caps%252C237%26sr%3D1-18-spons%26psc%3D1,https://www.amazon.in/s?k=great+indian+festival&i=shoes&dc&ds=v1%3AxfcuUKOMagRUVQcd1qAGsKsbULqZr5DNdX8wStmZbE0&crid=1I3OY9G5WVWBV&qid=1665755690&rnid=3576079031&sprefix=%2Caps%2C237&ref=sr_nr_i_13#,https://www.amazon.in/sspa/click?ie=UTF8&spc=MTo3MjUzNDMwNzk3NDAxNTk2OjE2NjU3NTU3ODc6c3BfbXRmOjIwMDg0MjIyMjQ2Mjk4OjowOjo&sp_csd=d2lkZ2V0TmFtZT1zcF9tdGY&url=%2FXIOTA-Introduce-Females-Sneakers-White-36%2Fdp%2FB0B68PND2D%2Fref%3Dsr_1_18_sspa%3Fcrid%3D1I3OY9G5WVWBV%26keywords%3Dgreat%2Bindian%2Bfestival%26qid%3D1665755787%26qu%3DeyJxc2MiOiI2LjQzIiwicXNhIjoiNC41OCIsInFzcCI6IjAuMDAifQ%253D%253D%26rnid%3D3576079031%26s%3Dshoes%26sprefix%3D%252Caps%252C237%26sr%3D1-18-spons%26psc%3D1,X XIOTA,https://www.amazon.in/sspa/click?ie=UTF8&spc=MTo3MjUzNDMwNzk3NDAxNTk2OjE2NjU3NTU3ODc6c3BfbXRmOjIwMDg0MjIyMjQ2Mjk4OjowOjo&sp_csd=d2lkZ2V0TmFtZT1zcF9tdGY&url=%2FXIOTA-Introduce-Females-Sneakers-White-36%2Fdp%2FB0B68PND2D%2Fref%3Dsr_1_18_sspa%3Fcrid%3D1I3OY9G5WVWBV%26keywords%3Dgreat%2Bindian%2Bfestival%26qid%3D1665755787%26qu%3DeyJxc2MiOiI2LjQzIiwicXNhIjoiNC41OCIsInFzcCI6IjAuMDAifQ%253D%253D%26rnid%3D3576079031%26s%3Dshoes%26sprefix%3D%252Caps%252C237%26sr%3D1-18-spons%26psc%3D1#customerReviews,Introduce A of Women's/Girl's/Ladies/Females Regular Wear Casual Shoes Sneakers,,,https://www.amazon.in/sspa/click?ie=UTF8&spc=MTo3MjUzNDMwNzk3NDAxNTk2OjE2NjU3NTU3ODc6c3BfbXRmOjIwMDg0MjIyMjQ2Mjk4OjowOjo&sp_csd=d2lkZ2V0TmFtZT1zcF9tdGY&url=%2FXIOTA-Introduce-Females-Sneakers-White-36%2Fdp%2FB0B68PND2D%2Fref%3Dsr_1_18_sspa%3Fcrid%3D1I3OY9G5WVWBV%26keywords%3Dgreat%2Bindian%2Bfestival%26qid%3D1665755787%26qu%3DeyJxc2MiOiI2LjQzIiwicXNhIjoiNC41OCIsInFzcCI6IjAuMDAifQ%253D%253D%26rnid%3D3576079031%26s%3Dshoes%26sprefix%3D%252Caps%252C237%26sr%3D1-18-spons%26psc%3D1,₹499,499,"₹1,199",(58% off),Sponsored,javascript:void(0),3.3 out of 5 stars,6,+3 colors/patterns,javascript:void(0),Sponsored,You are seeing this ad based on the product’s relevance to your search query.,Let us know,
FOUND,https://www.amazon.in/sspa/click?ie=UTF8&spc=MTo3MjUzNDMwNzk3NDAxNTk2OjE2NjU3NTU3ODc6c3BfbXRmOjIwMDY2NjIxNDMxNTk4OjowOjo&sp_csd=d2lkZ2V0TmFtZT1zcF9tdGY&url=%2FASIAN-Oxygen-01-Lightweight-Running-Shoes%2Fdp%2FB09C3YGP45%2Fref%3Dsr_1_19_sspa%3Fcrid%3D1I3OY9G5WVWBV%26keywords%3Dgreat%2Bindian%2Bfestival%26qid%3D1665755787%26qu%3DeyJxc2MiOiI2LjQzIiwicXNhIjoiNC41OCIsInFzcCI6IjAuMDAifQ%253D%253D%26rnid%3D3576079031%26s%3Dshoes%26sprefix%3D%252Caps%252C237%26sr%3D1-19-spons%26psc%3D1,https://m.media-amazon.com/images/I/61NgOh85KwL._AC_UL320_.jpg,https://www.amazon.in/sspa/click?ie=UTF8&spc=MTo3MjUzNDMwNzk3NDAxNTk2OjE2NjU3NTU3ODc6c3BfbXRmOjIwMDY2NjIxNDMxNTk4OjowOjo&sp_csd=d2lkZ2V0TmFtZT1zcF9tdGY&url=%2FASIAN-Oxygen-01-Lightweight-Running-Shoes%2Fdp%2FB09C3YGP45%2Fref%3Dsr_1_19_sspa%3Fcrid%3D1I3OY9G5WVWBV%26keywords%3Dgreat%2Bindian%2Bfestival%26qid%3D1665755787%26qu%3DeyJxc2MiOiI2LjQzIiwicXNhIjoiNC41OCIsInFzcCI6IjAuMDAifQ%253D%253D%26rnid%3D3576079031%26s%3Dshoes%26sprefix%3D%252Caps%252C237%26sr%3D1-19-spons%26psc%3D1,https://www.amazon.in/s?k=great+indian+festival&i=shoes&dc&ds=v1%3AxfcuUKOMagRUVQcd1qAGsKsbULqZr5DNdX8wStmZbE0&crid=1I3OY9G5WVWBV&qid=1665755690&rnid=3576079031&sprefix=%2Caps%2C237&ref=sr_nr_i_13#,https://www.amazon.in/sspa/click?ie=UTF8&spc=MTo3MjUzNDMwNzk3NDAxNTk2OjE2NjU3NTU3ODc6c3BfbXRmOjIwMDY2NjIxNDMxNTk4OjowOjo&sp_csd=d2lkZ2V0TmFtZT1zcF9tdGY&url=%2FASIAN-Oxygen-01-Lightweight-Running-Shoes%2Fdp%2FB09C3YGP45%2Fref%3Dsr_1_19_sspa%3Fcrid%3D1I3OY9G5WVWBV%26keywords%3Dgreat%2Bindian%2Bfestival%26qid%3D1665755787%26qu%3DeyJxc2MiOiI2LjQzIiwicXNhIjoiNC41OCIsInFzcCI6IjAuMDAifQ%253D%253D%26rnid%3D3576079031%26s%3Dshoes%26sprefix%3D%252Caps%252C237%26sr%3D1-19-spons%26psc%3D1,ASIAN,https://www.amazon.in/sspa/click?ie=UTF8&spc=MTo3MjUzNDMwNzk3NDAxNTk2OjE2NjU3NTU3ODc6c3BfbXRmOjIwMDY2NjIxNDMxNTk4OjowOjo&sp_csd=d2lkZ2V0TmFtZT1zcF9tdGY&url=%2FASIAN-Oxygen-01-Lightweight-Running-Shoes%2Fdp%2FB09C3YGP45%2Fref%3Dsr_1_19_sspa%3Fcrid%3D1I3OY9G5WVWBV%26keywords%3Dgreat%2Bindian%2Bfestival%26qid%3D1665755787%26qu%3DeyJxc2MiOiI2LjQzIiwicXNhIjoiNC41OCIsInFzcCI6IjAuMDAifQ%253D%253D%26rnid%3D3576079031%26s%3Dshoes%26sprefix%3D%252Caps%252C237%26sr%3D1-19-spons%26psc%3D1#customerReviews,"Oxygen-01 Sports Running,Walking & Gym Shoes with Oxygen Technology Lightweight Casual Sneaker Shoes for Men's & Boy's",https://www.amazon.in/greatindianfestival,Great Indian Festival,https://www.amazon.in/sspa/click?ie=UTF8&spc=MTo3MjUzNDMwNzk3NDAxNTk2OjE2NjU3NTU3ODc6c3BfbXRmOjIwMDY2NjIxNDMxNTk4OjowOjo&sp_csd=d2lkZ2V0TmFtZT1zcF9tdGY&url=%2FASIAN-Oxygen-01-Lightweight-Running-Shoes%2Fdp%2FB09C3YGP45%2Fref%3Dsr_1_19_sspa%3Fcrid%3D1I3OY9G5WVWBV%26keywords%3Dgreat%2Bindian%2Bfestival%26qid%3D1665755787%26qu%3DeyJxc2MiOiI2LjQzIiwicXNhIjoiNC41OCIsInFzcCI6IjAuMDAifQ%253D%253D%26rnid%3D3576079031%26s%3Dshoes%26sprefix%3D%252Caps%252C237%26sr%3D1-19-spons%26psc%3D1,₹948,948,"₹1,999",(53% off),Sponsored,javascript:void(0),3.8 out of 5 stars,"2,694",+5 colors/patterns,javascript:void(0),Sponsored,You are seeing this ad based on the product’s relevance to your search query.,Let us know,FREE Delivery by Amazon
FOUND,https://www.amazon.in/sspa/click?ie=UTF8&spc=MTo3MjUzNDMwNzk3NDAxNTk2OjE2NjU3NTU3ODc6c3BfbXRmOjIwMDI5ODM4Mzk1NzAyOjowOjo&sp_csd=d2lkZ2V0TmFtZT1zcF9tdGY&url=%2FSportstar-Women-Casuals-Sneakers-SHOES-4560%2Fdp%2FB083JC4PQK%2Fref%3Dsr_1_20_sspa%3Fcrid%3D1I3OY9G5WVWBV%26keywords%3Dgreat%2Bindian%2Bfestival%26qid%3D1665755787%26qu%3DeyJxc2MiOiI2LjQzIiwicXNhIjoiNC41OCIsInFzcCI6IjAuMDAifQ%253D%253D%26rnid%3D3576079031%26s%3Dshoes%26sprefix%3D%252Caps%252C237%26sr%3D1-20-spons%26psc%3D1,https://m.media-amazon.com/images/I/51nN4tuMuJL._AC_UL320_.jpg,https://www.amazon.in/sspa/click?ie=UTF8&spc=MTo3MjUzNDMwNzk3NDAxNTk2OjE2NjU3NTU3ODc6c3BfbXRmOjIwMDI5ODM4Mzk1NzAyOjowOjo&sp_csd=d2lkZ2V0TmFtZT1zcF9tdGY&url=%2FSportstar-Women-Casuals-Sneakers-SHOES-4560%2Fdp%2FB083JC4PQK%2Fref%3Dsr_1_20_sspa%3Fcrid%3D1I3OY9G5WVWBV%26keywords%3Dgreat%2Bindian%2Bfestival%26qid%3D1665755787%26qu%3DeyJxc2MiOiI2LjQzIiwicXNhIjoiNC41OCIsInFzcCI6IjAuMDAifQ%253D%253D%26rnid%3D3576079031%26s%3Dshoes%26sprefix%3D%252Caps%252C237%26sr%3D1-20-spons%26psc%3D1,https://www.amazon.in/s?k=great+indian+festival&i=shoes&dc&ds=v1%3AxfcuUKOMagRUVQcd1qAGsKsbULqZr5DNdX8wStmZbE0&crid=1I3OY9G5WVWBV&qid=1665755690&rnid=3576079031&sprefix=%2Caps%2C237&ref=sr_nr_i_13#,https://www.amazon.in/sspa/click?ie=UTF8&spc=MTo3MjUzNDMwNzk3NDAxNTk2OjE2NjU3NTU3ODc6c3BfbXRmOjIwMDI5ODM4Mzk1NzAyOjowOjo&sp_csd=d2lkZ2V0TmFtZT1zcF9tdGY&url=%2FSportstar-Women-Casuals-Sneakers-SHOES-4560%2Fdp%2FB083JC4PQK%2Fref%3Dsr_1_20_sspa%3Fcrid%3D1I3OY9G5WVWBV%26keywords%3Dgreat%2Bindian%2Bfestival%26qid%3D1665755787%26qu%3DeyJxc2MiOiI2LjQzIiwicXNhIjoiNC41OCIsInFzcCI6IjAuMDAifQ%253D%253D%26rnid%3D3576079031%26s%3Dshoes%26sprefix%3D%252Caps%252C237%26sr%3D1-20-spons%26psc%3D1,Sportstar,https://www.amazon.in/sspa/click?ie=UTF8&spc=MTo3MjUzNDMwNzk3NDAxNTk2OjE2NjU3NTU3ODc6c3BfbXRmOjIwMDI5ODM4Mzk1NzAyOjowOjo&sp_csd=d2lkZ2V0TmFtZT1zcF9tdGY&url=%2FSportstar-Women-Casuals-Sneakers-SHOES-4560%2Fdp%2FB083JC4PQK%2Fref%3Dsr_1_20_sspa%3Fcrid%3D1I3OY9G5WVWBV%26keywords%3Dgreat%2Bindian%2Bfestival%26qid%3D1665755787%26qu%3DeyJxc2MiOiI2LjQzIiwicXNhIjoiNC41OCIsInFzcCI6IjAuMDAifQ%253D%253D%26rnid%3D3576079031%26s%3Dshoes%26sprefix%3D%252Caps%252C237%26sr%3D1-20-spons%26psc%3D1#customerReviews,Women's Sneaker,,,https://www.amazon.in/sspa/click?ie=UTF8&spc=MTo3MjUzNDMwNzk3NDAxNTk2OjE2NjU3NTU3ODc6c3BfbXRmOjIwMDI5ODM4Mzk1NzAyOjowOjo&sp_csd=d2lkZ2V0TmFtZT1zcF9tdGY&url=%2FSportstar-Women-Casuals-Sneakers-SHOES-4560%2Fdp%2FB083JC4PQK%2Fref%3Dsr_1_20_sspa%3Fcrid%3D1I3OY9G5WVWBV%26keywords%3Dgreat%2Bindian%2Bfestival%26qid%3D1665755787%26qu%3DeyJxc2MiOiI2LjQzIiwicXNhIjoiNC41OCIsInFzcCI6IjAuMDAifQ%253D%253D%26rnid%3D3576079031%26s%3Dshoes%26sprefix%3D%252Caps%252C237%26sr%3D1-20-spons%26psc%3D1,₹799,799,"₹1,499",(47% off),Sponsored,javascript:void(0),4.1 out of 5 stars,"3,010",+2 colors/patterns,javascript:void(0),Sponsored,You are seeing this ad based on the product’s relevance to your search query.,Let us know,FREE Delivery by Amazon
FOUND,https://www.amazon.in/handbags-traditional-Wristlet-Drawstring-Embroidery/dp/B08QCH59RT/ref=sr_1_21?crid=1I3OY9G5WVWBV&keywords=great+indian+festival&qid=1665755787&qu=eyJxc2MiOiI2LjQzIiwicXNhIjoiNC41OCIsInFzcCI6IjAuMDAifQ%3D%3D&rnid=3576079031&s=shoes&sprefix=%2Caps%2C237&sr=1-21,https://m.media-amazon.com/images/I/714SxEm2NEL._AC_UL320_.jpg,https://www.amazon.in/handbags-traditional-Wristlet-Drawstring-Embroidery/dp/B08QCH59RT/ref=sr_1_21?crid=1I3OY9G5WVWBV&keywords=great+indian+festival&qid=1665755787&qu=eyJxc2MiOiI2LjQzIiwicXNhIjoiNC41OCIsInFzcCI6IjAuMDAifQ%3D%3D&rnid=3576079031&s=shoes&sprefix=%2Caps%2C237&sr=1-21,,,Generic,,Pink velvet fabric wedding potli for ladies for women handbags traditional Indian Wristlet with Drawstring Ethnic Embroidery Women Fashion Potli,,,https://www.amazon.in/handbags-traditional-Wristlet-Drawstring-Embroidery/dp/B08QCH59RT/ref=sr_1_21?crid=1I3OY9G5WVWBV&keywords=great+indian+festival&qid=1665755787&qu=eyJxc2MiOiI2LjQzIiwicXNhIjoiNC41OCIsInFzcCI6IjAuMDAifQ%3D%3D&rnid=3576079031&s=shoes&sprefix=%2Caps%2C237&sr=1-21,₹279,279,₹999,(72% off),,,,,,,,,,
FOUND,https://www.amazon.in/Liberty-Ortho-1-Hawaii-House-Slippers/dp/B06XK8JYC4/ref=sr_1_22?crid=1I3OY9G5WVWBV&keywords=great+indian+festival&qid=1665755787&qu=eyJxc2MiOiI2LjQzIiwicXNhIjoiNC41OCIsInFzcCI6IjAuMDAifQ%3D%3D&rnid=3576079031&s=shoes&sprefix=%2Caps%2C237&sr=1-22,https://m.media-amazon.com/images/I/819cFJ+489L._AC_UL320_.jpg,https://www.amazon.in/Liberty-Ortho-1-Hawaii-House-Slippers/dp/B06XK8JYC4/ref=cs_sr_dp_1?crid=1I3OY9G5WVWBV&keywords=great+indian+festival&qid=1665755787&qu=eyJxc2MiOiI2LjQzIiwicXNhIjoiNC41OCIsInFzcCI6IjAuMDAifQ%3D%3D&rnid=3576079031&s=shoes&sprefix=%2Caps%2C237&sr=1-22,https://www.amazon.in/Liberty-Ortho-1-Hawaii-House-Slippers/dp/B06XKHNCVM/ref=cs_sr_dp_2?crid=1I3OY9G5WVWBV&keywords=great+indian+festival&qid=1665755787&qu=eyJxc2MiOiI2LjQzIiwicXNhIjoiNC41OCIsInFzcCI6IjAuMDAifQ%3D%3D&rnid=3576079031&s=shoes&sprefix=%2Caps%2C237&sr=1-22,https://www.amazon.in/Liberty-Ortho-1-Hawaii-House-Slippers/dp/B06XK8JYC4/ref=sr_1_22?crid=1I3OY9G5WVWBV&keywords=great+indian+festival&qid=1665755787&qu=eyJxc2MiOiI2LjQzIiwicXNhIjoiNC41OCIsInFzcCI6IjAuMDAifQ%3D%3D&rnid=3576079031&s=shoes&sprefix=%2Caps%2C237&sr=1-22,Liberty,https://www.amazon.in/Liberty-Ortho-1-Hawaii-House-Slippers/dp/B06XK8JYC4/ref=sr_1_22?crid=1I3OY9G5WVWBV&keywords=great+indian+festival&qid=1665755787&qu=eyJxc2MiOiI2LjQzIiwicXNhIjoiNC41OCIsInFzcCI6IjAuMDAifQ%3D%3D&rnid=3576079031&s=shoes&sprefix=%2Caps%2C237&sr=1-22#customerReviews,mens Ortho-1-eva Slipper,,,https://www.amazon.in/Liberty-Ortho-1-Hawaii-House-Slippers/dp/B06XK8JYC4/ref=sr_1_22?crid=1I3OY9G5WVWBV&keywords=great+indian+festival&qid=1665755787&qu=eyJxc2MiOiI2LjQzIiwicXNhIjoiNC41OCIsInFzcCI6IjAuMDAifQ%3D%3D&rnid=3576079031&s=shoes&sprefix=%2Caps%2C237&sr=1-22,₹599,599,,,FREE Delivery by Amazon,javascript:void(0),4.0 out of 5 stars,349,,,,,,
FOUND,https://www.amazon.in/Flying-Berry-Womens-Handbags-GREY/dp/B07VFNNG77/ref=sr_1_23?crid=1I3OY9G5WVWBV&keywords=great+indian+festival&qid=1665755787&qu=eyJxc2MiOiI2LjQzIiwicXNhIjoiNC41OCIsInFzcCI6IjAuMDAifQ%3D%3D&rnid=3576079031&s=shoes&sprefix=%2Caps%2C237&sr=1-23,https://m.media-amazon.com/images/I/91DVo4qdTvL._AC_UL320_.jpg,https://www.amazon.in/Flying-Berry-Womens-Handbags-GREY/dp/B07VFNNG77/ref=cs_sr_dp_1?crid=1I3OY9G5WVWBV&keywords=great+indian+festival&qid=1665755787&qu=eyJxc2MiOiI2LjQzIiwicXNhIjoiNC41OCIsInFzcCI6IjAuMDAifQ%3D%3D&rnid=3576079031&s=shoes&sprefix=%2Caps%2C237&sr=1-23,https://www.amazon.in/Flying-Berry-Womens-Handbags-GREY/dp/B07VHQ7YVK/ref=cs_sr_dp_2?crid=1I3OY9G5WVWBV&keywords=great+indian+festival&qid=1665755787&qu=eyJxc2MiOiI2LjQzIiwicXNhIjoiNC41OCIsInFzcCI6IjAuMDAifQ%3D%3D&rnid=3576079031&s=shoes&sprefix=%2Caps%2C237&sr=1-23,https://www.amazon.in/Flying-Berry-Womens-Handbags-GREY/dp/B07XW8P5VR/ref=cs_sr_dp_3?crid=1I3OY9G5WVWBV&keywords=great+indian+festival&qid=1665755787&qu=eyJxc2MiOiI2LjQzIiwicXNhIjoiNC41OCIsInFzcCI6IjAuMDAifQ%3D%3D&rnid=3576079031&s=shoes&sprefix=%2Caps%2C237&sr=1-23,FLYING BERRY,https://www.amazon.in/Flying-Berry-Womens-Handbags-GREY/dp/B07XLY39FN/ref=cs_sr_dp_4?crid=1I3OY9G5WVWBV&keywords=great+indian+festival&qid=1665755787&qu=eyJxc2MiOiI2LjQzIiwicXNhIjoiNC41OCIsInFzcCI6IjAuMDAifQ%3D%3D&rnid=3576079031&s=shoes&sprefix=%2Caps%2C237&sr=1-23,Women's Handbag,https://www.amazon.in/Flying-Berry-Womens-Handbags-GREY/dp/B09132Z2J8/ref=cs_sr_dp_5?crid=1I3OY9G5WVWBV&keywords=great+indian+festival&qid=1665755787&qu=eyJxc2MiOiI2LjQzIiwicXNhIjoiNC41OCIsInFzcCI6IjAuMDAifQ%3D%3D&rnid=3576079031&s=shoes&sprefix=%2Caps%2C237&sr=1-23,,https://www.amazon.in/Flying-Berry-Womens-Handbags-GREY/dp/B07VFNNG77/ref=sr_1_23?crid=1I3OY9G5WVWBV&keywords=great+indian+festival&qid=1665755787&qu=eyJxc2MiOiI2LjQzIiwicXNhIjoiNC41OCIsInFzcCI6IjAuMDAifQ%3D%3D&rnid=3576079031&s=shoes&sprefix=%2Caps%2C237&sr=1-23,"₹1,599","1,599","₹5,500",(71% off),2% coupon applied at checkout,javascript:void(0),4.4 out of 5 stars,316,2,,,,,with coupon (limited sizes/colours)
FOUND,https://www.amazon.in/Walking-Lightweight-Sneakers-Running-Blue/dp/B08J7PGV56/ref=sr_1_24?crid=1I3OY9G5WVWBV&keywords=great+indian+festival&qid=1665755787&qu=eyJxc2MiOiI2LjQzIiwicXNhIjoiNC41OCIsInFzcCI6IjAuMDAifQ%3D%3D&rnid=3576079031&s=shoes&sprefix=%2Caps%2C237&sr=1-24,https://m.media-amazon.com/images/I/91s2qm1mceL._AC_UL320_.jpg,https://www.amazon.in/Walking-Lightweight-Sneakers-Running-Blue/dp/B08J7PGV56/ref=cs_sr_dp_1?crid=1I3OY9G5WVWBV&keywords=great+indian+festival&qid=1665755787&qu=eyJxc2MiOiI2LjQzIiwicXNhIjoiNC41OCIsInFzcCI6IjAuMDAifQ%3D%3D&rnid=3576079031&s=shoes&sprefix=%2Caps%2C237&sr=1-24,https://www.amazon.in/Walking-Lightweight-Sneakers-Running-Blue/dp/B08XNQ5WB9/ref=cs_sr_dp_2?crid=1I3OY9G5WVWBV&keywords=great+indian+festival&qid=1665755787&qu=eyJxc2MiOiI2LjQzIiwicXNhIjoiNC41OCIsInFzcCI6IjAuMDAifQ%3D%3D&rnid=3576079031&s=shoes&sprefix=%2Caps%2C237&sr=1-24,https://www.amazon.in/Walking-Lightweight-Sneakers-Running-Blue/dp/B08J822N4V/ref=cs_sr_dp_3?crid=1I3OY9G5WVWBV&keywords=great+indian+festival&qid=1665755787&qu=eyJxc2MiOiI2LjQzIiwicXNhIjoiNC41OCIsInFzcCI6IjAuMDAifQ%3D%3D&rnid=3576079031&s=shoes&sprefix=%2Caps%2C237&sr=1-24,ENJOY the celebration people,https://www.amazon.in/Walking-Lightweight-Sneakers-Running-Blue/dp/B09Z81VTF6/ref=cs_sr_dp_4?crid=1I3OY9G5WVWBV&keywords=great+indian+festival&qid=1665755787&qu=eyJxc2MiOiI2LjQzIiwicXNhIjoiNC41OCIsInFzcCI6IjAuMDAifQ%3D%3D&rnid=3576079031&s=shoes&sprefix=%2Caps%2C237&sr=1-24,Enjoy Lightweight Men Mesh Shoe | Slip On Walking and Running Shoe for Men | Casual No Socks Shoe | Gym Jogging Shoes | Sneakers for Men,https://www.amazon.in/Walking-Lightweight-Sneakers-Running-Blue/dp/B08H1Z4XGG/ref=cs_sr_dp_5?crid=1I3OY9G5WVWBV&keywords=great+indian+festival&qid=1665755787&qu=eyJxc2MiOiI2LjQzIiwicXNhIjoiNC41OCIsInFzcCI6IjAuMDAifQ%3D%3D&rnid=3576079031&s=shoes&sprefix=%2Caps%2C237&sr=1-24,Great Indian Festival,https://www.amazon.in/Walking-Lightweight-Sneakers-Running-Blue/dp/B08J7PGV56/ref=sr_1_24?crid=1I3OY9G5WVWBV&keywords=great+indian+festival&qid=1665755787&qu=eyJxc2MiOiI2LjQzIiwicXNhIjoiNC41OCIsInFzcCI6IjAuMDAifQ%3D%3D&rnid=3576079031&s=shoes&sprefix=%2Caps%2C237&sr=1-24,₹499,499,₹999,(50% off),FREE Delivery by Amazon,javascript:void(0),3.9 out of 5 stars,"2,048",,,,,,
FOUND,https://www.amazon.in/BATA-Womens-Galaxy-Slippers-6-5718223/dp/B07X3B4MG7/ref=sr_1_25?crid=1I3OY9G5WVWBV&keywords=great+indian+festival&qid=1665755787&qu=eyJxc2MiOiI2LjQzIiwicXNhIjoiNC41OCIsInFzcCI6IjAuMDAifQ%3D%3D&rnid=3576079031&s=shoes&sprefix=%2Caps%2C237&sr=1-25,https://m.media-amazon.com/images/I/71Tl11ddMKL._AC_UL320_.jpg,https://www.amazon.in/BATA-Womens-Galaxy-Slippers-6-5718223/dp/B07X3B4MG7/ref=sr_1_25?crid=1I3OY9G5WVWBV&keywords=great+indian+festival&qid=1665755787&qu=eyJxc2MiOiI2LjQzIiwicXNhIjoiNC41OCIsInFzcCI6IjAuMDAifQ%3D%3D&rnid=3576079031&s=shoes&sprefix=%2Caps%2C237&sr=1-25,https://www.amazon.in/BATA-Womens-Galaxy-Slippers-6-5718223/dp/B07X3B4MG7/ref=sr_1_25?crid=1I3OY9G5WVWBV&keywords=great+indian+festival&qid=1665755787&qu=eyJxc2MiOiI2LjQzIiwicXNhIjoiNC41OCIsInFzcCI6IjAuMDAifQ%3D%3D&rnid=3576079031&s=shoes&sprefix=%2Caps%2C237&sr=1-25#customerReviews,https://www.amazon.in/greatindianfestival,BATA,,womens Galaxy Slipper,,Great Indian Festival,https://www.amazon.in/BATA-Womens-Galaxy-Slippers-6-5718223/dp/B07X3B4MG7/ref=sr_1_25?crid=1I3OY9G5WVWBV&keywords=great+indian+festival&qid=1665755787&qu=eyJxc2MiOiI2LjQzIiwicXNhIjoiNC41OCIsInFzcCI6IjAuMDAifQ%3D%3D&rnid=3576079031&s=shoes&sprefix=%2Caps%2C237&sr=1-25,₹460,460,₹699,(34% off),FREE Delivery on first order.,javascript:void(0),4.1 out of 5 stars,"1,513",,,,,,
FOUND,https://www.amazon.in/Puma-Frank-Black-Vibrant-Orange-38135803/dp/B097TX55VM/ref=sr_1_26?crid=1I3OY9G5WVWBV&keywords=great+indian+festival&qid=1665755787&qu=eyJxc2MiOiI2LjQzIiwicXNhIjoiNC41OCIsInFzcCI6IjAuMDAifQ%3D%3D&rnid=3576079031&s=shoes&sprefix=%2Caps%2C237&sr=1-26,https://m.media-amazon.com/images/I/81CelmY-BiL._AC_UL320_.jpg,https://www.amazon.in/Puma-Frank-Black-Vibrant-Orange-38135803/dp/B097TX55VM/ref=cs_sr_dp_1?crid=1I3OY9G5WVWBV&keywords=great+indian+festival&qid=1665755787&qu=eyJxc2MiOiI2LjQzIiwicXNhIjoiNC41OCIsInFzcCI6IjAuMDAifQ%3D%3D&rnid=3576079031&s=shoes&sprefix=%2Caps%2C237&sr=1-26,https://www.amazon.in/Puma-Frank-Black-Vibrant-Orange-38135803/dp/B09CH6346X/ref=cs_sr_dp_2?crid=1I3OY9G5WVWBV&keywords=great+indian+festival&qid=1665755787&qu=eyJxc2MiOiI2LjQzIiwicXNhIjoiNC41OCIsInFzcCI6IjAuMDAifQ%3D%3D&rnid=3576079031&s=shoes&sprefix=%2Caps%2C237&sr=1-26,https://www.amazon.in/Puma-Frank-Black-Vibrant-Orange-38135803/dp/B09CH6R8D4/ref=cs_sr_dp_3?crid=1I3OY9G5WVWBV&keywords=great+indian+festival&qid=1665755787&qu=eyJxc2MiOiI2LjQzIiwicXNhIjoiNC41OCIsInFzcCI6IjAuMDAifQ%3D%3D&rnid=3576079031&s=shoes&sprefix=%2Caps%2C237&sr=1-26,Puma,https://www.amazon.in/Puma-Frank-Black-Vibrant-Orange-38135803/dp/B097TX55VM/ref=sr_1_26?crid=1I3OY9G5WVWBV&keywords=great+indian+festival&qid=1665755787&qu=eyJxc2MiOiI2LjQzIiwicXNhIjoiNC41OCIsInFzcCI6IjAuMDAifQ%3D%3D&rnid=3576079031&s=shoes&sprefix=%2Caps%2C237&sr=1-26,mens Frank Sneaker,https://www.amazon.in/Puma-Frank-Black-Vibrant-Orange-38135803/dp/B097TX55VM/ref=sr_1_26?crid=1I3OY9G5WVWBV&keywords=great+indian+festival&qid=1665755787&qu=eyJxc2MiOiI2LjQzIiwicXNhIjoiNC41OCIsInFzcCI6IjAuMDAifQ%3D%3D&rnid=3576079031&s=shoes&sprefix=%2Caps%2C237&sr=1-26#customerReviews,Great Indian Festival,https://www.amazon.in/Puma-Frank-Black-Vibrant-Orange-38135803/dp/B097TX55VM/ref=sr_1_26?crid=1I3OY9G5WVWBV&keywords=great+indian+festival&qid=1665755787&qu=eyJxc2MiOiI2LjQzIiwicXNhIjoiNC41OCIsInFzcCI6IjAuMDAifQ%3D%3D&rnid=3576079031&s=shoes&sprefix=%2Caps%2C237&sr=1-26,"₹1,680","1,680","₹3,999",(58% off),FREE Delivery by Amazon,javascript:void(0),4.1 out of 5 stars,277,,,,,,
FOUND,https://www.amazon.in/sugarcrush-Womens-Multicolour-Clutch-Detachable/dp/B07C319T8K/ref=sr_1_27?crid=1I3OY9G5WVWBV&keywords=great+indian+festival&qid=1665755787&qu=eyJxc2MiOiI2LjQzIiwicXNhIjoiNC41OCIsInFzcCI6IjAuMDAifQ%3D%3D&rnid=3576079031&s=shoes&sprefix=%2Caps%2C237&sr=1-27,https://m.media-amazon.com/images/I/81ZfKINC5UL._AC_UL320_.jpg,https://www.amazon.in/sugarcrush-Womens-Multicolour-Clutch-Detachable/dp/B07C319T8K/ref=cs_sr_dp?crid=1I3OY9G5WVWBV&keywords=great+indian+festival&qid=1665755787&qu=eyJxc2MiOiI2LjQzIiwicXNhIjoiNC41OCIsInFzcCI6IjAuMDAifQ%3D%3D&rnid=3576079031&s=shoes&sprefix=%2Caps%2C237&sr=1-27,https://www.amazon.in/sugarcrush-Womens-Multicolour-Clutch-Detachable/dp/B07C319T8K/ref=sr_1_27?crid=1I3OY9G5WVWBV&keywords=great+indian+festival&qid=1665755787&qu=eyJxc2MiOiI2LjQzIiwicXNhIjoiNC41OCIsInFzcCI6IjAuMDAifQ%3D%3D&rnid=3576079031&s=shoes&sprefix=%2Caps%2C237&sr=1-27,https://www.amazon.in/sugarcrush-Womens-Multicolour-Clutch-Detachable/dp/B07C319T8K/ref=sr_1_27?crid=1I3OY9G5WVWBV&keywords=great+indian+festival&qid=1665755787&qu=eyJxc2MiOiI2LjQzIiwicXNhIjoiNC41OCIsInFzcCI6IjAuMDAifQ%3D%3D&rnid=3576079031&s=shoes&sprefix=%2Caps%2C237&sr=1-27#customerReviews,Sugarcrush,,Clutch for Women Hand Clutches for Girls Printed Box Clutch,,,https://www.amazon.in/sugarcrush-Womens-Multicolour-Clutch-Detachable/dp/B07C319T8K/ref=sr_1_27?crid=1I3OY9G5WVWBV&keywords=great+indian+festival&qid=1665755787&qu=eyJxc2MiOiI2LjQzIiwicXNhIjoiNC41OCIsInFzcCI6IjAuMDAifQ%3D%3D&rnid=3576079031&s=shoes&sprefix=%2Caps%2C237&sr=1-27,₹756,756,"₹1,999",(62% off),FREE Delivery by Amazon,javascript:void(0),4.1 out of 5 stars,464,+9 colors/patterns,,,,,
FOUND,https://www.amazon.in/ADI-Black-White-Football-Studs/dp/B08GFK84RQ/ref=sr_1_28?crid=1I3OY9G5WVWBV&keywords=great+indian+festival&qid=1665755787&qu=eyJxc2MiOiI2LjQzIiwicXNhIjoiNC41OCIsInFzcCI6IjAuMDAifQ%3D%3D&rnid=3576079031&s=shoes&sprefix=%2Caps%2C237&sr=1-28,https://m.media-amazon.com/images/I/41cpU2AB2kL._AC_UL320_.jpg,https://www.amazon.in/ADI-Black-White-Football-Studs/dp/B08GFK84RQ/ref=cs_sr_dp_1?crid=1I3OY9G5WVWBV&keywords=great+indian+festival&qid=1665755787&qu=eyJxc2MiOiI2LjQzIiwicXNhIjoiNC41OCIsInFzcCI6IjAuMDAifQ%3D%3D&rnid=3576079031&s=shoes&sprefix=%2Caps%2C237&sr=1-28,https://www.amazon.in/ADI-Black-White-Football-Studs/dp/B07NVNFK4Z/ref=cs_sr_dp_2?crid=1I3OY9G5WVWBV&keywords=great+indian+festival&qid=1665755787&qu=eyJxc2MiOiI2LjQzIiwicXNhIjoiNC41OCIsInFzcCI6IjAuMDAifQ%3D%3D&rnid=3576079031&s=shoes&sprefix=%2Caps%2C237&sr=1-28,https://www.amazon.in/ADI-Black-White-Football-Studs/dp/B084TMYVYZ/ref=cs_sr_dp_3?crid=1I3OY9G5WVWBV&keywords=great+indian+festival&qid=1665755787&qu=eyJxc2MiOiI2LjQzIiwicXNhIjoiNC41OCIsInFzcCI6IjAuMDAifQ%3D%3D&rnid=3576079031&s=shoes&sprefix=%2Caps%2C237&sr=1-28,ADI,https://www.amazon.in/ADI-Black-White-Football-Studs/dp/B09B277JY5/ref=cs_sr_dp_4?crid=1I3OY9G5WVWBV&keywords=great+indian+festival&qid=1665755787&qu=eyJxc2MiOiI2LjQzIiwicXNhIjoiNC41OCIsInFzcCI6IjAuMDAifQ%3D%3D&rnid=3576079031&s=shoes&sprefix=%2Caps%2C237&sr=1-28,Football Shoes,https://www.amazon.in/ADI-Black-White-Football-Studs/dp/B08GFK84RQ/ref=sr_1_28?crid=1I3OY9G5WVWBV&keywords=great+indian+festival&qid=1665755787&qu=eyJxc2MiOiI2LjQzIiwicXNhIjoiNC41OCIsInFzcCI6IjAuMDAifQ%3D%3D&rnid=3576079031&s=shoes&sprefix=%2Caps%2C237&sr=1-28,,https://www.amazon.in/ADI-Black-White-Football-Studs/dp/B08GFK84RQ/ref=sr_1_28?crid=1I3OY9G5WVWBV&keywords=great+indian+festival&qid=1665755787&qu=eyJxc2MiOiI2LjQzIiwicXNhIjoiNC41OCIsInFzcCI6IjAuMDAifQ%3D%3D&rnid=3576079031&s=shoes&sprefix=%2Caps%2C237&sr=1-28,₹519,519,"₹1,599",(68% off),,javascript:void(0),3.5 out of 5 stars,466,,,,,,
FOUND,https://www.amazon.in/sspa/click?ie=UTF8&spc=MTo3MjUzNDMwNzk3NDAxNTk2OjE2NjU3NTU3ODc6c3BfYnRmOjIwMDY2NjIxNDAxNzk4OjowOjo&sp_csd=d2lkZ2V0TmFtZT1zcF9idGY&url=%2FASIAN-Riya-04-Running-Walking-Lightweight%2Fdp%2FB09Y68NXPJ%2Fref%3Dsr_1_29_sspa%3Fcrid%3D1I3OY9G5WVWBV%26keywords%3Dgreat%2Bindian%2Bfestival%26qid%3D1665755787%26qu%3DeyJxc2MiOiI2LjQzIiwicXNhIjoiNC41OCIsInFzcCI6IjAuMDAifQ%253D%253D%26rnid%3D3576079031%26s%3Dshoes%26sprefix%3D%252Caps%252C237%26sr%3D1-29-spons%26psc%3D1,https://m.media-amazon.com/images/I/61dNlX-P0eL._AC_UL320_.jpg,https://www.amazon.in/sspa/click?ie=UTF8&spc=MTo3MjUzNDMwNzk3NDAxNTk2OjE2NjU3NTU3ODc6c3BfYnRmOjIwMDY2NjIxNDAxNzk4OjowOjo&sp_csd=d2lkZ2V0TmFtZT1zcF9idGY&url=%2FASIAN-Riya-04-Running-Walking-Lightweight%2Fdp%2FB09Y68NXPJ%2Fref%3Dsr_1_29_sspa%3Fcrid%3D1I3OY9G5WVWBV%26keywords%3Dgreat%2Bindian%2Bfestival%26qid%3D1665755787%26qu%3DeyJxc2MiOiI2LjQzIiwicXNhIjoiNC41OCIsInFzcCI6IjAuMDAifQ%253D%253D%26rnid%3D3576079031%26s%3Dshoes%26sprefix%3D%252Caps%252C237%26sr%3D1-29-spons%26psc%3D1,https://www.amazon.in/s?k=great+indian+festival&i=shoes&dc&ds=v1%3AxfcuUKOMagRUVQcd1qAGsKsbULqZr5DNdX8wStmZbE0&crid=1I3OY9G5WVWBV&qid=1665755690&rnid=3576079031&sprefix=%2Caps%2C237&ref=sr_nr_i_13#,https://www.amazon.in/sspa/click?ie=UTF8&spc=MTo3MjUzNDMwNzk3NDAxNTk2OjE2NjU3NTU3ODc6c3BfYnRmOjIwMDY2NjIxNDAxNzk4OjowOjo&sp_csd=d2lkZ2V0TmFtZT1zcF9idGY&url=%2FASIAN-Riya-04-Running-Walking-Lightweight%2Fdp%2FB09Y68NXPJ%2Fref%3Dsr_1_29_sspa%3Fcrid%3D1I3OY9G5WVWBV%26keywords%3Dgreat%2Bindian%2Bfestival%26qid%3D1665755787%26qu%3DeyJxc2MiOiI2LjQzIiwicXNhIjoiNC41OCIsInFzcCI6IjAuMDAifQ%253D%253D%26rnid%3D3576079031%26s%3Dshoes%26sprefix%3D%252Caps%252C237%26sr%3D1-29-spons%26psc%3D1,ASIAN,https://www.amazon.in/sspa/click?ie=UTF8&spc=MTo3MjUzNDMwNzk3NDAxNTk2OjE2NjU3NTU3ODc6c3BfYnRmOjIwMDY2NjIxNDAxNzk4OjowOjo&sp_csd=d2lkZ2V0TmFtZT1zcF9idGY&url=%2FASIAN-Riya-04-Running-Walking-Lightweight%2Fdp%2FB09Y68NXPJ%2Fref%3Dsr_1_29_sspa%3Fcrid%3D1I3OY9G5WVWBV%26keywords%3Dgreat%2Bindian%2Bfestival%26qid%3D1665755787%26qu%3DeyJxc2MiOiI2LjQzIiwicXNhIjoiNC41OCIsInFzcCI6IjAuMDAifQ%253D%253D%26rnid%3D3576079031%26s%3Dshoes%26sprefix%3D%252Caps%252C237%26sr%3D1-29-spons%26psc%3D1#customerReviews,"Women's Riya-04 Sports Running,Walking & Casual Loafer Lightweight with Eva Sole Extra Jump Shoes for Women's & Girl's",https://www.amazon.in/greatindianfestival,Great Indian Festival,https://www.amazon.in/sspa/click?ie=UTF8&spc=MTo3MjUzNDMwNzk3NDAxNTk2OjE2NjU3NTU3ODc6c3BfYnRmOjIwMDY2NjIxNDAxNzk4OjowOjo&sp_csd=d2lkZ2V0TmFtZT1zcF9idGY&url=%2FASIAN-Riya-04-Running-Walking-Lightweight%2Fdp%2FB09Y68NXPJ%2Fref%3Dsr_1_29_sspa%3Fcrid%3D1I3OY9G5WVWBV%26keywords%3Dgreat%2Bindian%2Bfestival%26qid%3D1665755787%26qu%3DeyJxc2MiOiI2LjQzIiwicXNhIjoiNC41OCIsInFzcCI6IjAuMDAifQ%253D%253D%26rnid%3D3576079031%26s%3Dshoes%26sprefix%3D%252Caps%252C237%26sr%3D1-29-spons%26psc%3D1,₹449,449,₹599,(25% off),Sponsored,javascript:void(0),4.0 out of 5 stars,"1,985",+5 colors/patterns,javascript:void(0),Sponsored,You are seeing this ad based on the product’s relevance to your search query.,Let us know,FREE Delivery on first order.
FOUND,https://www.amazon.in/sspa/click?ie=UTF8&spc=MTo3MjUzNDMwNzk3NDAxNTk2OjE2NjU3NTU3ODc6c3BfYnRmOjIwMDY1ODA2NzA4Mjk4OjowOjo&sp_csd=d2lkZ2V0TmFtZT1zcF9idGY&url=%2FAADI-Black-Parrot-Outdoor-Casual%2Fdp%2FB09SBQPMM3%2Fref%3Dsr_1_30_sspa%3Fcrid%3D1I3OY9G5WVWBV%26keywords%3Dgreat%2Bindian%2Bfestival%26qid%3D1665755787%26qu%3DeyJxc2MiOiI2LjQzIiwicXNhIjoiNC41OCIsInFzcCI6IjAuMDAifQ%253D%253D%26rnid%3D3576079031%26s%3Dshoes%26sprefix%3D%252Caps%252C237%26sr%3D1-30-spons%26psc%3D1%26smid%3DA5FM84ENCHATW,https://m.media-amazon.com/images/I/51mXNWwt7ML._AC_UL320_.jpg,https://www.amazon.in/s?k=great+indian+festival&i=shoes&dc&ds=v1%3AxfcuUKOMagRUVQcd1qAGsKsbULqZr5DNdX8wStmZbE0&crid=1I3OY9G5WVWBV&qid=1665755690&rnid=3576079031&sprefix=%2Caps%2C237&ref=sr_nr_i_13#,https://www.amazon.in/sspa/click?ie=UTF8&spc=MTo3MjUzNDMwNzk3NDAxNTk2OjE2NjU3NTU3ODc6c3BfYnRmOjIwMDY1ODA2NzA4Mjk4OjowOjo&sp_csd=d2lkZ2V0TmFtZT1zcF9idGY&url=%2FAADI-Black-Parrot-Outdoor-Casual%2Fdp%2FB09SBQPMM3%2Fref%3Dsr_1_30_sspa%3Fcrid%3D1I3OY9G5WVWBV%26keywords%3Dgreat%2Bindian%2Bfestival%26qid%3D1665755787%26qu%3DeyJxc2MiOiI2LjQzIiwicXNhIjoiNC41OCIsInFzcCI6IjAuMDAifQ%253D%253D%26rnid%3D3576079031%26s%3Dshoes%26sprefix%3D%252Caps%252C237%26sr%3D1-30-spons%26psc%3D1%26smid%3DA5FM84ENCHATW,https://www.amazon.in/sspa/click?ie=UTF8&spc=MTo3MjUzNDMwNzk3NDAxNTk2OjE2NjU3NTU3ODc6c3BfYnRmOjIwMDY1ODA2NzA4Mjk4OjowOjo&sp_csd=d2lkZ2V0TmFtZT1zcF9idGY&url=%2FAADI-Black-Parrot-Outdoor-Casual%2Fdp%2FB09SBQPMM3%2Fref%3Dsr_1_30_sspa%3Fcrid%3D1I3OY9G5WVWBV%26keywords%3Dgreat%2Bindian%2Bfestival%26qid%3D1665755787%26qu%3DeyJxc2MiOiI2LjQzIiwicXNhIjoiNC41OCIsInFzcCI6IjAuMDAifQ%253D%253D%26rnid%3D3576079031%26s%3Dshoes%26sprefix%3D%252Caps%252C237%26sr%3D1-30-spons%26psc%3D1%26smid%3DA5FM84ENCHATW#customerReviews,aadi,,Men's Black & Parrot Mesh Outdoor Casual Shoes - MRJ1872,,,https://www.amazon.in/sspa/click?ie=UTF8&spc=MTo3MjUzNDMwNzk3NDAxNTk2OjE2NjU3NTU3ODc6c3BfYnRmOjIwMDY1ODA2NzA4Mjk4OjowOjo&sp_csd=d2lkZ2V0TmFtZT1zcF9idGY&url=%2FAADI-Black-Parrot-Outdoor-Casual%2Fdp%2FB09SBQPMM3%2Fref%3Dsr_1_30_sspa%3Fcrid%3D1I3OY9G5WVWBV%26keywords%3Dgreat%2Bindian%2Bfestival%26qid%3D1665755787%26qu%3DeyJxc2MiOiI2LjQzIiwicXNhIjoiNC41OCIsInFzcCI6IjAuMDAifQ%253D%253D%26rnid%3D3576079031%26s%3Dshoes%26sprefix%3D%252Caps%252C237%26sr%3D1-30-spons%26psc%3D1%26smid%3DA5FM84ENCHATW,₹799,799,"₹1,999",(60% off),Sponsored,javascript:void(0),4.0 out of 5 stars,1,Let us know,javascript:void(0),Sponsored,You are seeing this ad based on the product’s relevance to your search query.,,FREE Delivery by Amazon
FOUND,https://www.amazon.in/sspa/click?ie=UTF8&spc=MTo3MjUzNDMwNzk3NDAxNTk2OjE2NjU3NTU3ODc6c3BfYnRmOjIwMDgxNTcxNjgzMzk4OjowOjo&sp_csd=d2lkZ2V0TmFtZT1zcF9idGY&url=%2FBUCIK-Synthetic-Leather-Lace-Up-Casual%2Fdp%2FB09TZTXZ26%2Fref%3Dsr_1_31_sspa%3Fcrid%3D1I3OY9G5WVWBV%26keywords%3Dgreat%2Bindian%2Bfestival%26qid%3D1665755787%26qu%3DeyJxc2MiOiI2LjQzIiwicXNhIjoiNC41OCIsInFzcCI6IjAuMDAifQ%253D%253D%26rnid%3D3576079031%26s%3Dshoes%26sprefix%3D%252Caps%252C237%26sr%3D1-31-spons%26psc%3D1,https://m.media-amazon.com/images/I/61GfBJgEHtL._AC_UL320_.jpg,https://www.amazon.in/s?k=great+indian+festival&i=shoes&dc&ds=v1%3AxfcuUKOMagRUVQcd1qAGsKsbULqZr5DNdX8wStmZbE0&crid=1I3OY9G5WVWBV&qid=1665755690&rnid=3576079031&sprefix=%2Caps%2C237&ref=sr_nr_i_13#,https://www.amazon.in/sspa/click?ie=UTF8&spc=MTo3MjUzNDMwNzk3NDAxNTk2OjE2NjU3NTU3ODc6c3BfYnRmOjIwMDgxNTcxNjgzMzk4OjowOjo&sp_csd=d2lkZ2V0TmFtZT1zcF9idGY&url=%2FBUCIK-Synthetic-Leather-Lace-Up-Casual%2Fdp%2FB09TZTXZ26%2Fref%3Dsr_1_31_sspa%3Fcrid%3D1I3OY9G5WVWBV%26keywords%3Dgreat%2Bindian%2Bfestival%26qid%3D1665755787%26qu%3DeyJxc2MiOiI2LjQzIiwicXNhIjoiNC41OCIsInFzcCI6IjAuMDAifQ%253D%253D%26rnid%3D3576079031%26s%3Dshoes%26sprefix%3D%252Caps%252C237%26sr%3D1-31-spons%26psc%3D1,https://www.amazon.in/sspa/click?ie=UTF8&spc=MTo3MjUzNDMwNzk3NDAxNTk2OjE2NjU3NTU3ODc6c3BfYnRmOjIwMDgxNTcxNjgzMzk4OjowOjo&sp_csd=d2lkZ2V0TmFtZT1zcF9idGY&url=%2FBUCIK-Synthetic-Leather-Lace-Up-Casual%2Fdp%2FB09TZTXZ26%2Fref%3Dsr_1_31_sspa%3Fcrid%3D1I3OY9G5WVWBV%26keywords%3Dgreat%2Bindian%2Bfestival%26qid%3D1665755787%26qu%3DeyJxc2MiOiI2LjQzIiwicXNhIjoiNC41OCIsInFzcCI6IjAuMDAifQ%253D%253D%26rnid%3D3576079031%26s%3Dshoes%26sprefix%3D%252Caps%252C237%26sr%3D1-31-spons%26psc%3D1#customerReviews,BUCIK,,Men's Synthetic Leather Lace-Up Casual Shoe's,,,https://www.amazon.in/sspa/click?ie=UTF8&spc=MTo3MjUzNDMwNzk3NDAxNTk2OjE2NjU3NTU3ODc6c3BfYnRmOjIwMDgxNTcxNjgzMzk4OjowOjo&sp_csd=d2lkZ2V0TmFtZT1zcF9idGY&url=%2FBUCIK-Synthetic-Leather-Lace-Up-Casual%2Fdp%2FB09TZTXZ26%2Fref%3Dsr_1_31_sspa%3Fcrid%3D1I3OY9G5WVWBV%26keywords%3Dgreat%2Bindian%2Bfestival%26qid%3D1665755787%26qu%3DeyJxc2MiOiI2LjQzIiwicXNhIjoiNC41OCIsInFzcCI6IjAuMDAifQ%253D%253D%26rnid%3D3576079031%26s%3Dshoes%26sprefix%3D%252Caps%252C237%26sr%3D1-31-spons%26psc%3D1,₹649,649,"₹3,299",(80% off),Sponsored,javascript:void(0),3.2 out of 5 stars,29,Let us know,javascript:void(0),Sponsored,You are seeing this ad based on the product’s relevance to your search query.,,
FOUND,https://www.amazon.in/sspa/click?ie=UTF8&spc=MTo3MjUzNDMwNzk3NDAxNTk2OjE2NjU3NTU3ODc6c3BfYnRmOjIwMDc5MDkwMTIzMTk4OjowOjo&sp_csd=d2lkZ2V0TmFtZT1zcF9idGY&url=%2FASIAN-Combo-Sports-Running-Casual%2Fdp%2FB0B1F2JDZZ%2Fref%3Dsr_1_32_sspa%3Fcrid%3D1I3OY9G5WVWBV%26keywords%3Dgreat%2Bindian%2Bfestival%26qid%3D1665755787%26qu%3DeyJxc2MiOiI2LjQzIiwicXNhIjoiNC41OCIsInFzcCI6IjAuMDAifQ%253D%253D%26rnid%3D3576079031%26s%3Dshoes%26sprefix%3D%252Caps%252C237%26sr%3D1-32-spons%26psc%3D1,https://m.media-amazon.com/images/I/51wfBTGRg+L._AC_UL320_.jpg,https://www.amazon.in/sspa/click?ie=UTF8&spc=MTo3MjUzNDMwNzk3NDAxNTk2OjE2NjU3NTU3ODc6c3BfYnRmOjIwMDc5MDkwMTIzMTk4OjowOjo&sp_csd=d2lkZ2V0TmFtZT1zcF9idGY&url=%2FASIAN-Combo-Sports-Running-Casual%2Fdp%2FB0B1F2JDZZ%2Fref%3Dsr_1_32_sspa%3Fcrid%3D1I3OY9G5WVWBV%26keywords%3Dgreat%2Bindian%2Bfestival%26qid%3D1665755787%26qu%3DeyJxc2MiOiI2LjQzIiwicXNhIjoiNC41OCIsInFzcCI6IjAuMDAifQ%253D%253D%26rnid%3D3576079031%26s%3Dshoes%26sprefix%3D%252Caps%252C237%26sr%3D1-32-spons%26psc%3D1,https://www.amazon.in/s?k=great+indian+festival&i=shoes&dc&ds=v1%3AxfcuUKOMagRUVQcd1qAGsKsbULqZr5DNdX8wStmZbE0&crid=1I3OY9G5WVWBV&qid=1665755690&rnid=3576079031&sprefix=%2Caps%2C237&ref=sr_nr_i_13#,https://www.amazon.in/sspa/click?ie=UTF8&spc=MTo3MjUzNDMwNzk3NDAxNTk2OjE2NjU3NTU3ODc6c3BfYnRmOjIwMDc5MDkwMTIzMTk4OjowOjo&sp_csd=d2lkZ2V0TmFtZT1zcF9idGY&url=%2FASIAN-Combo-Sports-Running-Casual%2Fdp%2FB0B1F2JDZZ%2Fref%3Dsr_1_32_sspa%3Fcrid%3D1I3OY9G5WVWBV%26keywords%3Dgreat%2Bindian%2Bfestival%26qid%3D1665755787%26qu%3DeyJxc2MiOiI2LjQzIiwicXNhIjoiNC41OCIsInFzcCI6IjAuMDAifQ%253D%253D%26rnid%3D3576079031%26s%3Dshoes%26sprefix%3D%252Caps%252C237%26sr%3D1-32-spons%26psc%3D1,ASIAN,https://www.amazon.in/sspa/click?ie=UTF8&spc=MTo3MjUzNDMwNzk3NDAxNTk2OjE2NjU3NTU3ODc6c3BfYnRmOjIwMDc5MDkwMTIzMTk4OjowOjo&sp_csd=d2lkZ2V0TmFtZT1zcF9idGY&url=%2FASIAN-Combo-Sports-Running-Casual%2Fdp%2FB0B1F2JDZZ%2Fref%3Dsr_1_32_sspa%3Fcrid%3D1I3OY9G5WVWBV%26keywords%3Dgreat%2Bindian%2Bfestival%26qid%3D1665755787%26qu%3DeyJxc2MiOiI2LjQzIiwicXNhIjoiNC41OCIsInFzcCI6IjAuMDAifQ%253D%253D%26rnid%3D3576079031%26s%3Dshoes%26sprefix%3D%252Caps%252C237%26sr%3D1-32-spons%26psc%3D1#customerReviews,Men's Combo Sports Running Shoes Casual Shoes for Men's & Boy's,,,https://www.amazon.in/sspa/click?ie=UTF8&spc=MTo3MjUzNDMwNzk3NDAxNTk2OjE2NjU3NTU3ODc6c3BfYnRmOjIwMDc5MDkwMTIzMTk4OjowOjo&sp_csd=d2lkZ2V0TmFtZT1zcF9idGY&url=%2FASIAN-Combo-Sports-Running-Casual%2Fdp%2FB0B1F2JDZZ%2Fref%3Dsr_1_32_sspa%3Fcrid%3D1I3OY9G5WVWBV%26keywords%3Dgreat%2Bindian%2Bfestival%26qid%3D1665755787%26qu%3DeyJxc2MiOiI2LjQzIiwicXNhIjoiNC41OCIsInFzcCI6IjAuMDAifQ%253D%253D%26rnid%3D3576079031%26s%3Dshoes%26sprefix%3D%252Caps%252C237%26sr%3D1-32-spons%26psc%3D1,₹998,998,"₹1,698",(41% off),Sponsored,javascript:void(0),3.6 out of 5 stars,22,+1 colors/patterns,javascript:void(0),Sponsored,You are seeing this ad based on the product’s relevance to your search query.,Let us know,FREE Delivery by Amazon
FOUND,https://www.amazon.in/sspa/click?ie=UTF8&spc=MTo3MjUzNDMwNzk3NDAxNTk2OjE2NjU3NTU3ODc6c3BfYnRmOjIwMDc5MDkwMTA3MTk4OjowOjo&sp_csd=d2lkZ2V0TmFtZT1zcF9idGY&url=%2FASIAN-Wonder-13-Running-Walking-Lightweight%2Fdp%2FB0BC1YWVH7%2Fref%3Dsr_1_33_sspa%3Fcrid%3D1I3OY9G5WVWBV%26keywords%3Dgreat%2Bindian%2Bfestival%26qid%3D1665755787%26qu%3DeyJxc2MiOiI2LjQzIiwicXNhIjoiNC41OCIsInFzcCI6IjAuMDAifQ%253D%253D%26rnid%3D3576079031%26s%3Dshoes%26sprefix%3D%252Caps%252C237%26sr%3D1-33-spons%26psc%3D1,https://m.media-amazon.com/images/I/81P55DqLn8L._AC_UL320_.jpg,https://www.amazon.in/sspa/click?ie=UTF8&spc=MTo3MjUzNDMwNzk3NDAxNTk2OjE2NjU3NTU3ODc6c3BfYnRmOjIwMDc5MDkwMTA3MTk4OjowOjo&sp_csd=d2lkZ2V0TmFtZT1zcF9idGY&url=%2FASIAN-Wonder-13-Running-Walking-Lightweight%2Fdp%2FB0BC1YWVH7%2Fref%3Dsr_1_33_sspa%3Fcrid%3D1I3OY9G5WVWBV%26keywords%3Dgreat%2Bindian%2Bfestival%26qid%3D1665755787%26qu%3DeyJxc2MiOiI2LjQzIiwicXNhIjoiNC41OCIsInFzcCI6IjAuMDAifQ%253D%253D%26rnid%3D3576079031%26s%3Dshoes%26sprefix%3D%252Caps%252C237%26sr%3D1-33-spons%26psc%3D1,https://www.amazon.in/s?k=great+indian+festival&i=shoes&dc&ds=v1%3AxfcuUKOMagRUVQcd1qAGsKsbULqZr5DNdX8wStmZbE0&crid=1I3OY9G5WVWBV&qid=1665755690&rnid=3576079031&sprefix=%2Caps%2C237&ref=sr_nr_i_13#,https://www.amazon.in/sspa/click?ie=UTF8&spc=MTo3MjUzNDMwNzk3NDAxNTk2OjE2NjU3NTU3ODc6c3BfYnRmOjIwMDc5MDkwMTA3MTk4OjowOjo&sp_csd=d2lkZ2V0TmFtZT1zcF9idGY&url=%2FASIAN-Wonder-13-Running-Walking-Lightweight%2Fdp%2FB0BC1YWVH7%2Fref%3Dsr_1_33_sspa%3Fcrid%3D1I3OY9G5WVWBV%26keywords%3Dgreat%2Bindian%2Bfestival%26qid%3D1665755787%26qu%3DeyJxc2MiOiI2LjQzIiwicXNhIjoiNC41OCIsInFzcCI6IjAuMDAifQ%253D%253D%26rnid%3D3576079031%26s%3Dshoes%26sprefix%3D%252Caps%252C237%26sr%3D1-33-spons%26psc%3D1,ASIAN,https://www.amazon.in/sspa/click?ie=UTF8&spc=MTo3MjUzNDMwNzk3NDAxNTk2OjE2NjU3NTU3ODc6c3BfYnRmOjIwMDc5MDkwMTA3MTk4OjowOjo&sp_csd=d2lkZ2V0TmFtZT1zcF9idGY&url=%2FASIAN-Wonder-13-Running-Walking-Lightweight%2Fdp%2FB0BC1YWVH7%2Fref%3Dsr_1_33_sspa%3Fcrid%3D1I3OY9G5WVWBV%26keywords%3Dgreat%2Bindian%2Bfestival%26qid%3D1665755787%26qu%3DeyJxc2MiOiI2LjQzIiwicXNhIjoiNC41OCIsInFzcCI6IjAuMDAifQ%253D%253D%26rnid%3D3576079031%26s%3Dshoes%26sprefix%3D%252Caps%252C237%26sr%3D1-33-spons%26psc%3D1#customerReviews,"Men's Wonder-13 Pro Sports Running,Walking,Gym Lightweight Eva Sole with Extra Jump Sneaker Shoes for Men's",https://www.amazon.in/greatindianfestival,Great Indian Festival,https://www.amazon.in/sspa/click?ie=UTF8&spc=MTo3MjUzNDMwNzk3NDAxNTk2OjE2NjU3NTU3ODc6c3BfYnRmOjIwMDc5MDkwMTA3MTk4OjowOjo&sp_csd=d2lkZ2V0TmFtZT1zcF9idGY&url=%2FASIAN-Wonder-13-Running-Walking-Lightweight%2Fdp%2FB0BC1YWVH7%2Fref%3Dsr_1_33_sspa%3Fcrid%3D1I3OY9G5WVWBV%26keywords%3Dgreat%2Bindian%2Bfestival%26qid%3D1665755787%26qu%3DeyJxc2MiOiI2LjQzIiwicXNhIjoiNC41OCIsInFzcCI6IjAuMDAifQ%253D%253D%26rnid%3D3576079031%26s%3Dshoes%26sprefix%3D%252Caps%252C237%26sr%3D1-33-spons%26psc%3D1,₹547,547,"₹1,499",(64% off),Sponsored,javascript:void(0),4.4 out of 5 stars,5,+3 colors/patterns,javascript:void(0),Sponsored,You are seeing this ad based on the product’s relevance to your search query.,Let us know,FREE Delivery by Amazon
FOUND,https://www.amazon.in/sspa/click?ie=UTF8&spc=MTo3MjUzNDMwNzk3NDAxNTk2OjE2NjU3NTU3ODc6c3BfYnRmOjIwMDgyOTg2Mzg3Njk4OjowOjo&sp_csd=d2lkZ2V0TmFtZT1zcF9idGY&url=%2FASIAN-Thar-06-Running-Walking-Sneaker%2Fdp%2FB0B8DTM3B3%2Fref%3Dsr_1_34_sspa%3Fcrid%3D1I3OY9G5WVWBV%26keywords%3Dgreat%2Bindian%2Bfestival%26qid%3D1665755787%26qu%3DeyJxc2MiOiI2LjQzIiwicXNhIjoiNC41OCIsInFzcCI6IjAuMDAifQ%253D%253D%26rnid%3D3576079031%26s%3Dshoes%26sprefix%3D%252Caps%252C237%26sr%3D1-34-spons%26psc%3D1,https://m.media-amazon.com/images/I/81Sn+4POkDL._AC_UL320_.jpg,https://www.amazon.in/s?k=great+indian+festival&i=shoes&dc&ds=v1%3AxfcuUKOMagRUVQcd1qAGsKsbULqZr5DNdX8wStmZbE0&crid=1I3OY9G5WVWBV&qid=1665755690&rnid=3576079031&sprefix=%2Caps%2C237&ref=sr_nr_i_13#,https://www.amazon.in/sspa/click?ie=UTF8&spc=MTo3MjUzNDMwNzk3NDAxNTk2OjE2NjU3NTU3ODc6c3BfYnRmOjIwMDgyOTg2Mzg3Njk4OjowOjo&sp_csd=d2lkZ2V0TmFtZT1zcF9idGY&url=%2FASIAN-Thar-06-Running-Walking-Sneaker%2Fdp%2FB0B8DTM3B3%2Fref%3Dsr_1_34_sspa%3Fcrid%3D1I3OY9G5WVWBV%26keywords%3Dgreat%2Bindian%2Bfestival%26qid%3D1665755787%26qu%3DeyJxc2MiOiI2LjQzIiwicXNhIjoiNC41OCIsInFzcCI6IjAuMDAifQ%253D%253D%26rnid%3D3576079031%26s%3Dshoes%26sprefix%3D%252Caps%252C237%26sr%3D1-34-spons%26psc%3D1,https://www.amazon.in/greatindianfestival,ASIAN,,"Men's Thar-06 Sports Running,Walking & Gym Shoes with Eva Sole Extra Jump Casual Sneaker Shoes for Men's & Boy's…",,Great Indian Festival,,₹549,549,"₹1,299",(58% off),Sponsored,,,,Let us know,javascript:void(0),Sponsored,You are seeing this ad based on the product’s relevance to your search query.,,FREE Delivery by Amazon
FOUND,https://www.amazon.in/sspa/click?ie=UTF8&spc=MTo3MjUzNDMwNzk3NDAxNTk2OjE2NjU3NTU3ODc6c3BfYnRmOjIwMDYzMzMyMzMwNTk4OjowOjo&sp_csd=d2lkZ2V0TmFtZT1zcF9idGY&url=%2FKlepe-Running-Shoes-Yellow-ST-M-2062%2Fdp%2FB09Q91541W%2Fref%3Dsr_1_35_sspa%3Fcrid%3D1I3OY9G5WVWBV%26keywords%3Dgreat%2Bindian%2Bfestival%26qid%3D1665755787%26qu%3DeyJxc2MiOiI2LjQzIiwicXNhIjoiNC41OCIsInFzcCI6IjAuMDAifQ%253D%253D%26rnid%3D3576079031%26s%3Dshoes%26sprefix%3D%252Caps%252C237%26sr%3D1-35-spons%26psc%3D1,https://m.media-amazon.com/images/I/71a6i-4vu4L._AC_UL320_.jpg,https://www.amazon.in/sspa/click?ie=UTF8&spc=MTo3MjUzNDMwNzk3NDAxNTk2OjE2NjU3NTU3ODc6c3BfYnRmOjIwMDYzMzMyMzMwNTk4OjowOjo&sp_csd=d2lkZ2V0TmFtZT1zcF9idGY&url=%2FKlepe-Running-Shoes-Yellow-ST-M-2062%2Fdp%2FB09Q91541W%2Fref%3Dsr_1_35_sspa%3Fcrid%3D1I3OY9G5WVWBV%26keywords%3Dgreat%2Bindian%2Bfestival%26qid%3D1665755787%26qu%3DeyJxc2MiOiI2LjQzIiwicXNhIjoiNC41OCIsInFzcCI6IjAuMDAifQ%253D%253D%26rnid%3D3576079031%26s%3Dshoes%26sprefix%3D%252Caps%252C237%26sr%3D1-35-spons%26psc%3D1,https://www.amazon.in/s?k=great+indian+festival&i=shoes&dc&ds=v1%3AxfcuUKOMagRUVQcd1qAGsKsbULqZr5DNdX8wStmZbE0&crid=1I3OY9G5WVWBV&qid=1665755690&rnid=3576079031&sprefix=%2Caps%2C237&ref=sr_nr_i_13#,https://www.amazon.in/sspa/click?ie=UTF8&spc=MTo3MjUzNDMwNzk3NDAxNTk2OjE2NjU3NTU3ODc6c3BfYnRmOjIwMDYzMzMyMzMwNTk4OjowOjo&sp_csd=d2lkZ2V0TmFtZT1zcF9idGY&url=%2FKlepe-Running-Shoes-Yellow-ST-M-2062%2Fdp%2FB09Q91541W%2Fref%3Dsr_1_35_sspa%3Fcrid%3D1I3OY9G5WVWBV%26keywords%3Dgreat%2Bindian%2Bfestival%26qid%3D1665755787%26qu%3DeyJxc2MiOiI2LjQzIiwicXNhIjoiNC41OCIsInFzcCI6IjAuMDAifQ%253D%253D%26rnid%3D3576079031%26s%3Dshoes%26sprefix%3D%252Caps%252C237%26sr%3D1-35-spons%26psc%3D1,Klepe,https://www.amazon.in/sspa/click?ie=UTF8&spc=MTo3MjUzNDMwNzk3NDAxNTk2OjE2NjU3NTU3ODc6c3BfYnRmOjIwMDYzMzMyMzMwNTk4OjowOjo&sp_csd=d2lkZ2V0TmFtZT1zcF9idGY&url=%2FKlepe-Running-Shoes-Yellow-ST-M-2062%2Fdp%2FB09Q91541W%2Fref%3Dsr_1_35_sspa%3Fcrid%3D1I3OY9G5WVWBV%26keywords%3Dgreat%2Bindian%2Bfestival%26qid%3D1665755787%26qu%3DeyJxc2MiOiI2LjQzIiwicXNhIjoiNC41OCIsInFzcCI6IjAuMDAifQ%253D%253D%26rnid%3D3576079031%26s%3Dshoes%26sprefix%3D%252Caps%252C237%26sr%3D1-35-spons%26psc%3D1#customerReviews,Men's St-m-2062 Running Shoe,,,https://www.amazon.in/sspa/click?ie=UTF8&spc=MTo3MjUzNDMwNzk3NDAxNTk2OjE2NjU3NTU3ODc6c3BfYnRmOjIwMDYzMzMyMzMwNTk4OjowOjo&sp_csd=d2lkZ2V0TmFtZT1zcF9idGY&url=%2FKlepe-Running-Shoes-Yellow-ST-M-2062%2Fdp%2FB09Q91541W%2Fref%3Dsr_1_35_sspa%3Fcrid%3D1I3OY9G5WVWBV%26keywords%3Dgreat%2Bindian%2Bfestival%26qid%3D1665755787%26qu%3DeyJxc2MiOiI2LjQzIiwicXNhIjoiNC41OCIsInFzcCI6IjAuMDAifQ%253D%253D%26rnid%3D3576079031%26s%3Dshoes%26sprefix%3D%252Caps%252C237%26sr%3D1-35-spons%26psc%3D1,₹704.47,704,"₹2,999",(77% off),Sponsored,javascript:void(0),3.5 out of 5 stars,11,+2 colors/patterns,javascript:void(0),Sponsored,You are seeing this ad based on the product’s relevance to your search query.,Let us know,FREE Delivery by Amazon
FOUND,https://www.amazon.in/sspa/click?ie=UTF8&spc=MTo3MjUzNDMwNzk3NDAxNTk2OjE2NjU3NTU3ODc6c3BfYnRmOjIwMDc0MDA5ODMwMDk4OjowOjo&sp_csd=d2lkZ2V0TmFtZT1zcF9idGY&url=%2FDSOLE-Sneakers-Running-Walking-Numeric_9%2Fdp%2FB0B9SMCVJ9%2Fref%3Dsr_1_36_sspa%3Fcrid%3D1I3OY9G5WVWBV%26keywords%3Dgreat%2Bindian%2Bfestival%26qid%3D1665755787%26qu%3DeyJxc2MiOiI2LjQzIiwicXNhIjoiNC41OCIsInFzcCI6IjAuMDAifQ%253D%253D%26rnid%3D3576079031%26s%3Dshoes%26sprefix%3D%252Caps%252C237%26sr%3D1-36-spons%26psc%3D1,https://m.media-amazon.com/images/I/71ToajuQtAL._AC_UL320_.jpg,https://www.amazon.in/s?k=great+indian+festival&i=shoes&dc&ds=v1%3AxfcuUKOMagRUVQcd1qAGsKsbULqZr5DNdX8wStmZbE0&crid=1I3OY9G5WVWBV&qid=1665755690&rnid=3576079031&sprefix=%2Caps%2C237&ref=sr_nr_i_13#,https://www.amazon.in/sspa/click?ie=UTF8&spc=MTo3MjUzNDMwNzk3NDAxNTk2OjE2NjU3NTU3ODc6c3BfYnRmOjIwMDc0MDA5ODMwMDk4OjowOjo&sp_csd=d2lkZ2V0TmFtZT1zcF9idGY&url=%2FDSOLE-Sneakers-Running-Walking-Numeric_9%2Fdp%2FB0B9SMCVJ9%2Fref%3Dsr_1_36_sspa%3Fcrid%3D1I3OY9G5WVWBV%26keywords%3Dgreat%2Bindian%2Bfestival%26qid%3D1665755787%26qu%3DeyJxc2MiOiI2LjQzIiwicXNhIjoiNC41OCIsInFzcCI6IjAuMDAifQ%253D%253D%26rnid%3D3576079031%26s%3Dshoes%26sprefix%3D%252Caps%252C237%26sr%3D1-36-spons%26psc%3D1,,DSOLE,,"Men’s Bright Night Sneakers, Running Walking Casual Shoes",,,https://www.amazon.in/sspa/click?ie=UTF8&spc=MTo3MjUzNDMwNzk3NDAxNTk2OjE2NjU3NTU3ODc6c3BfYnRmOjIwMDc0MDA5ODMwMDk4OjowOjo&sp_csd=d2lkZ2V0TmFtZT1zcF9idGY&url=%2FDSOLE-Sneakers-Running-Walking-Numeric_9%2Fdp%2FB0B9SMCVJ9%2Fref%3Dsr_1_36_sspa%3Fcrid%3D1I3OY9G5WVWBV%26keywords%3Dgreat%2Bindian%2Bfestival%26qid%3D1665755787%26qu%3DeyJxc2MiOiI2LjQzIiwicXNhIjoiNC41OCIsInFzcCI6IjAuMDAifQ%253D%253D%26rnid%3D3576079031%26s%3Dshoes%26sprefix%3D%252Caps%252C237%26sr%3D1-36-spons%26psc%3D1,₹999,999,"₹1,899",(47% off),Sponsored,,,Save 5%,Let us know,javascript:void(0),Sponsored,You are seeing this ad based on the product’s relevance to your search query.,,5% coupon applied at checkout
